url,name,id,current_subs,last_subs,growth,growth_rate,update_time,short_video
https://www.youtube.com/channel/UCCWOO5QyfyJMzPGr0GpnWMg,NAYLAFF,UCCWOO5QyfyJMzPGr0GpnWMg,46400,0,0,0.0,2025-10-14 09:20:50,False
https://www.youtube.com/channel/UCQzYUBdUPUjss-4WEzH9w6g,Drama Tales HD,UCQzYUBdUPUjss-4WEzH9w6g,30000,0,0,0.0,2025-10-14 09:30:13,False
https://www.youtube.com/channel/UCuN6TIATGkWePGOg0QYPWcg,MOUNiR AOUAR,UCuN6TIATGkWePGOg0QYPWcg,25000,20900,4100,19.6172,2025-10-19 03:21:47,False
https://www.youtube.com/channel/UChZdWS6bR0LpWXOE4DzkUJQ,NT Game Play Offical,UChZdWS6bR0LpWXOE4DzkUJQ,13300,13200,100,0.7576,2025-10-29 03:20:19,False
https://www.youtube.com/channel/UCgq7RymGIp-c6pK0Fgxcpgw,Brainrot Secrets,UCgq7RymGIp-c6pK0Fgxcpgw,39600,38700,900,2.3256,2025-10-19 03:23:47,False
https://www.youtube.com/channel/UC-MWxHLZjD15KjhJMgi94Fw,√áekirdek Kola,UC-MWxHLZjD15KjhJMgi94Fw,18500,18500,0,0.0,2025-10-29 03:20:29,False
https://www.youtube.com/channel/UCZRrNP_vvDzcK_P-bjBqZag,LIVE ÿ®ÿ´ ŸÖÿ®ÿßÿ¥ÿ±,UCZRrNP_vvDzcK_P-bjBqZag,49300,49300,0,0.0,2025-10-16 03:12:06,False
https://www.youtube.com/channel/UCaJd3WJb0d0PxsxOM-CVD9Q,Kaisar Ment,UCaJd3WJb0d0PxsxOM-CVD9Q,259000,0,0,0.0,2025-10-17 01:42:25,False
https://www.youtube.com/channel/UCnPVtlQ5Kzbsxiwc48TAj1A,·ÄÄ·Ä≠·ÄØ ·Äî·Ä±,UCnPVtlQ5Kzbsxiwc48TAj1A,105000,105000,0,0.0,2025-10-19 03:25:38,False
https://www.youtube.com/channel/UCBrpCvQxV74iXG6XDoJZnWg,Î≥ÑÏà≤ Ïù¥ÏïºÍ∏∞,UCBrpCvQxV74iXG6XDoJZnWg,40000,0,0,0.0,2025-10-20 01:47:52,False
https://www.youtube.com/channel/UClbpnOB5zlMu9d_pC_4gJBg,Super Winner Universe,UClbpnOB5zlMu9d_pC_4gJBg,250000,240000,10000,4.1667,2025-10-29 03:21:01,False
https://www.youtube.com/channel/UCq-SMwSPQAm6YMITlZpPCug,Vrazo YT ,UCq-SMwSPQAm6YMITlZpPCug,205000,195000,10000,5.1282,2025-10-29 03:21:03,False
https://www.youtube.com/channel/UCXcT1W_wyBdY_k2mcTW8M2A,greenie,UCXcT1W_wyBdY_k2mcTW8M2A,251000,211000,40000,18.9573,2025-10-29 03:21:04,False
https://www.youtube.com/channel/UCCqJHIWvbA-Eh6vcAJMLv_g,Rick Miranda e Vit√≥ria,UCCqJHIWvbA-Eh6vcAJMLv_g,128000,128000,0,0.0,2025-10-29 03:21:05,False
https://www.youtube.com/channel/UCkcEuVZSH4OaJ0VRvF_rpxQ,AlexTheOrange07,UCkcEuVZSH4OaJ0VRvF_rpxQ,28400,28400,0,0.0,2025-10-29 03:21:06,False
https://www.youtube.com/channel/UCwhJi9uTqJCD6EhByqw6btw,Neto y Flex,UCwhJi9uTqJCD6EhByqw6btw,246000,245000,1000,0.4082,2025-10-29 03:21:08,False
https://www.youtube.com/channel/UC_MWZ6Su7isoVNcGEmpgO7Q,114Âπ¥ÂÖ®ÂúãÈÅãÂãïÊúÉÂú®Èõ≤Êûó,UC_MWZ6Su7isoVNcGEmpgO7Q,11100,11600,-500,-4.3103,2025-10-29 03:21:09,False
https://www.youtube.com/channel/UCSYLUvNxxTZY6zzACsi6tJQ,Bappa Life,UCSYLUvNxxTZY6zzACsi6tJQ,240000,239000,1000,0.4184,2025-10-29 03:21:10,False
https://www.youtube.com/channel/UCcQYrNiWlG7XQyooF4-b0iA,‰∏≠Êó•ÊîøÁªèËØÑËÆ∫,UCcQYrNiWlG7XQyooF4-b0iA,95700,95300,400,0.4197,2025-10-29 03:21:12,False
https://www.youtube.com/channel/UCJCJ6xZzS0cQFFhJi5c5W6w,E Á≠ÜE,UCJCJ6xZzS0cQFFhJi5c5W6w,78400,75300,3100,4.1169,2025-10-29 03:21:13,False
https://www.youtube.com/channel/UCw-b3V80RjGN6vbkBJUKFpQ,„Çè„Åü„Çà„ÅóGAMES,UCw-b3V80RjGN6vbkBJUKFpQ,234000,226000,8000,3.5398,2025-10-29 03:21:14,False
https://www.youtube.com/channel/UC6ffP6QV5H_RgK7685VOI3w,Cheese Anime,UC6ffP6QV5H_RgK7685VOI3w,108000,107000,1000,0.9346,2025-10-29 03:21:15,False
https://www.youtube.com/channel/UCzyOYYk1cVbzUmOkCq_JR1A,„Ç∏„Éü„Éº„ÅÆ„Å≤„Å®„Çä„Åî„Å®,UCzyOYYk1cVbzUmOkCq_JR1A,130000,129000,1000,0.7752,2025-10-29 03:21:17,False
https://www.youtube.com/channel/UC1nL-b5KiFT8_JPNQiP7mRg,Todomen,UC1nL-b5KiFT8_JPNQiP7mRg,8620,8620,0,0.0,2025-10-29 03:21:18,False
https://www.youtube.com/channel/UCQjN0dbyhoRP9UrxcPIYnQA,ÏµúÏßÑÎÖïTV,UCQjN0dbyhoRP9UrxcPIYnQA,143000,143000,0,0.0,2025-10-29 03:21:19,False
https://www.youtube.com/channel/UCo6Co-3_LQP_N11Iv0azAAQ,Ohi Music Studio,UCo6Co-3_LQP_N11Iv0azAAQ,5930,5930,0,0.0,2025-10-29 03:21:21,False
https://www.youtube.com/channel/UCdqjrTKnmzTntmwgKGOhsZw,Í≤úÏôï Î¶¨Î≥µÍ∑º LIBOKGEUN,UCdqjrTKnmzTntmwgKGOhsZw,131000,130000,1000,0.7692,2025-10-29 03:21:22,False
https://www.youtube.com/channel/UCM0h5eNMPQTyZibB9GtW3yA,ÍµêÏñëÏùò ÏãúÎåÄ,UCM0h5eNMPQTyZibB9GtW3yA,85300,84300,1000,1.1862,2025-10-29 03:21:23,False
https://www.youtube.com/channel/UCk6f0jViRYWOi5BcHaDLZXQ,ÎèÑÍ±¥,UCk6f0jViRYWOi5BcHaDLZXQ,91700,90300,1400,1.5504,2025-10-29 03:21:24,False
https://www.youtube.com/channel/UCWVJKlQxWYm5M8YDJ2XtY7A,Elders Media,UCWVJKlQxWYm5M8YDJ2XtY7A,34300,34200,100,0.2924,2025-10-29 03:21:26,False
https://www.youtube.com/channel/UCgj5dVBRlM8pJ0kgSaLQFvw,RAM Transcreation Services LTD,UCgj5dVBRlM8pJ0kgSaLQFvw,41600,41600,0,0.0,2025-10-29 03:21:27,False
https://www.youtube.com/channel/UCoOCxWt_NafJnFJAk18xNYQ,Hudson Auto Films,UCoOCxWt_NafJnFJAk18xNYQ,119000,118000,1000,0.8475,2025-10-29 03:21:28,False
https://www.youtube.com/channel/UCJRAaWDFKB9kSoPGJFW1LfA,Mariglen Hazizaj,UCJRAaWDFKB9kSoPGJFW1LfA,122000,122000,0,0.0,2025-10-29 03:21:30,False
https://www.youtube.com/channel/UCAdPV4b9Alzkb-4zCCbf0nw,Sebus,UCAdPV4b9Alzkb-4zCCbf0nw,99500,92200,7300,7.9176,2025-10-29 03:21:31,False
https://www.youtube.com/channel/UCR-ceTMpWZtzOhlM0zzMVNA,EVA PATRICK TV,UCR-ceTMpWZtzOhlM0zzMVNA,120000,120000,0,0.0,2025-10-29 03:21:32,False
https://www.youtube.com/channel/UCWUpgq3kn8upHE8HIHrtQvw,FUGU 2,UCWUpgq3kn8upHE8HIHrtQvw,127000,127000,0,0.0,2025-10-29 03:21:33,False
https://www.youtube.com/channel/UCjChY6rvFYu0YPYkLzhbt8Q,JUANJYOZA,UCjChY6rvFYu0YPYkLzhbt8Q,89700,85000,4700,5.5294,2025-10-29 03:21:35,False
https://www.youtube.com/channel/UCEDCmGBKoEyKRx8S8joNomg,Dr Fernando Manochi,UCEDCmGBKoEyKRx8S8joNomg,106000,100000,6000,6.0,2025-10-29 03:21:36,False
https://www.youtube.com/channel/UCgFr6lDEDVEA0stK5pB6JvA,grace quaranta,UCgFr6lDEDVEA0stK5pB6JvA,26400,26400,0,0.0,2025-10-29 03:21:37,False
https://www.youtube.com/channel/UC7RBxnbY4DRY5_JPn4H2-fg,World Nutrition Center 2,UC7RBxnbY4DRY5_JPn4H2-fg,32500,32500,0,0.0,2025-10-29 03:21:39,False
https://www.youtube.com/channel/UCfvqrqm7DXF2vN59GSzo4ZQ,Baloyskie,UCfvqrqm7DXF2vN59GSzo4ZQ,151000,148000,3000,2.027,2025-10-29 03:21:40,False
https://www.youtube.com/channel/UCVlTfAmGqreR87VuyHpYdiw,Yes! Neo Bahasa Indonesia-Laga Anak-anak,UCVlTfAmGqreR87VuyHpYdiw,133000,132000,1000,0.7576,2025-10-29 03:21:41,False
https://www.youtube.com/channel/UCOw1iVnohJAK5V9tyuGKWDw,LG Gloria,UCOw1iVnohJAK5V9tyuGKWDw,17500,17500,0,0.0,2025-10-29 03:21:42,False
https://www.youtube.com/channel/UC5tk-weUTcVu0_KzYWV9BRA,PH Time,UC5tk-weUTcVu0_KzYWV9BRA,49300,48600,700,1.4403,2025-10-29 03:21:44,False
https://www.youtube.com/channel/UCwVYVVkWtiVIDH3MpDQzV-Q,ZIWGOAL,UCwVYVVkWtiVIDH3MpDQzV-Q,50900,50900,0,0.0,2025-10-29 03:21:45,False
https://www.youtube.com/channel/UC-hw46Bu93c_hlerpkObrCQ,‡∏°‡∏∞‡∏°‡πà‡∏ß‡∏á‡∏•‡∏∞‡∏Ñ‡∏£‡∏™‡∏±‡πâ‡∏ô‡∏Æ‡∏¥‡∏ï,UC-hw46Bu93c_hlerpkObrCQ,117000,115000,2000,1.7391,2025-10-29 03:21:46,False
https://www.youtube.com/channel/UCigMGM9hiX7SKeydMWDc4rg,TOXA KAZINO,UCigMGM9hiX7SKeydMWDc4rg,7280,7270,10,0.1376,2025-10-29 03:21:47,False
https://www.youtube.com/channel/UCDX7Vf8VLBHdC-HZtKG9gOQ,Sƒ±fƒ±r TV,UCDX7Vf8VLBHdC-HZtKG9gOQ,86500,85800,700,0.8159,2025-10-29 03:21:49,False
https://www.youtube.com/channel/UC7aPm40Ot7aOT628azgCB2w,DailyDriver.pl,UC7aPm40Ot7aOT628azgCB2w,31900,31500,400,1.2698,2025-10-29 03:21:50,False
https://www.youtube.com/channel/UCGcjTp2bV0JRmtcoYTQYArA,Interior Futbolero TV,UCGcjTp2bV0JRmtcoYTQYArA,30100,30100,0,0.0,2025-10-29 03:21:51,False
https://www.youtube.com/channel/UCapuOfANrKqFKIhrehWQYmA,CNC NEWS COLOMBIA,UCapuOfANrKqFKIhrehWQYmA,57900,57900,0,0.0,2025-10-29 03:21:53,False
https://www.youtube.com/channel/UCRR7t0pyaWz9w1iAOOKGlZg,NICO2DS,UCRR7t0pyaWz9w1iAOOKGlZg,33700,33700,0,0.0,2025-10-29 03:21:54,False
https://www.youtube.com/channel/UCxuiAD6Lv3mEdTWYsKocqtg,ESB_Dota2,UCxuiAD6Lv3mEdTWYsKocqtg,80700,80300,400,0.4981,2025-10-29 03:21:55,False
https://www.youtube.com/channel/UC9RYHsR6MZdNHs4OTSQVV3Q,Luismeewis,UC9RYHsR6MZdNHs4OTSQVV3Q,15900,14800,1100,7.4324,2025-10-29 03:21:56,False
https://www.youtube.com/channel/UCGBMy0BSKuBR-VWUIXO3FCg,Fuera de Juego,UCGBMy0BSKuBR-VWUIXO3FCg,26300,26100,200,0.7663,2025-10-29 03:21:58,False
https://www.youtube.com/channel/UCBB4s5Sdj-499NQc5L4xPYQ,Depormatch,UCBB4s5Sdj-499NQc5L4xPYQ,15100,15000,100,0.6667,2025-10-29 03:21:59,False
https://www.youtube.com/channel/UC0jmsWbWVRUWdsH0fFMdOqA,Romtellio,UC0jmsWbWVRUWdsH0fFMdOqA,50500,40800,9700,23.7745,2025-10-29 03:22:00,False
https://www.youtube.com/channel/UCKprwIi_BFZGhWeka4339xw,KudextroPlays,UCKprwIi_BFZGhWeka4339xw,368000,368000,0,0.0,2025-10-29 03:22:02,False
https://www.youtube.com/channel/UCx5awNFOCzjQ4t_jus0s1dg,liMapoint,UCx5awNFOCzjQ4t_jus0s1dg,103000,103000,0,0.0,2025-10-29 03:22:03,False
https://www.youtube.com/channel/UCAAVdLKeml3BSZQNxfInIAA,itsnilu,UCAAVdLKeml3BSZQNxfInIAA,108000,107000,1000,0.9346,2025-10-29 03:22:04,False
https://www.youtube.com/channel/UCZYc8cAXyg8rOUpUh2tit1w,Dalmar production,UCZYc8cAXyg8rOUpUh2tit1w,63900,63700,200,0.314,2025-10-29 03:22:05,False
https://www.youtube.com/channel/UCpltBXWd2tg96MTp1-0OFkg,Bhuter Cartoon ‡¶≠‡ßÇ‡¶§‡ßá‡¶∞ ‡¶ï‡¶æ‡¶∞‡ßç‡¶ü‡ßÅ‡¶®,UCpltBXWd2tg96MTp1-0OFkg,30800,29900,900,3.01,2025-10-29 03:22:07,False
https://www.youtube.com/channel/UCv3fbM_QLvfAY9MWWnnKHDQ,Damon Fryer,UCv3fbM_QLvfAY9MWWnnKHDQ,237000,236000,1000,0.4237,2025-10-29 03:22:08,False
https://www.youtube.com/channel/UClDOmbCeOYJ10g-D0K-aADA,Eswatini TV,UClDOmbCeOYJ10g-D0K-aADA,86400,86400,0,0.0,2025-10-29 03:22:09,False
https://www.youtube.com/channel/UCzKxEt4vmJZ6gJtHh04oLgg,Not√≠cias e Reportagens Em Directo.,UCzKxEt4vmJZ6gJtHh04oLgg,26400,26400,0,0.0,2025-10-29 03:22:11,False
https://www.youtube.com/channel/UCdu4Qt6zi1jR7ZLgYXlyjfw,Channel SZ,UCdu4Qt6zi1jR7ZLgYXlyjfw,35400,35400,0,0.0,2025-10-29 03:22:12,False
https://www.youtube.com/channel/UCD8TM5H7rJ0KjzcJwsWJa0g,ÂçÉÂ∑ßÈ≠ÖÈü≥,UCD8TM5H7rJ0KjzcJwsWJa0g,143000,142000,1000,0.7042,2025-10-29 03:22:13,False
https://www.youtube.com/channel/UCoDmoZy6XOdeAY_s4nf0T_g,Bang TV„Äê ÁàÜ TV „Äë,UCoDmoZy6XOdeAY_s4nf0T_g,58100,58200,-100,-0.1718,2025-10-29 03:22:14,False
https://www.youtube.com/channel/UCjZdNmiwO36vKg3uw9i0TjA,ÌñâÏö¥ Í∑πÏû•,UCjZdNmiwO36vKg3uw9i0TjA,77400,76600,800,1.0444,2025-10-29 03:22:16,False
https://www.youtube.com/channel/UCcK8aZhxVOK2hdle-_QP4zg,Ph√°t ƒê·∫°t Y√™n B√°i,UCcK8aZhxVOK2hdle-_QP4zg,87100,85900,1200,1.397,2025-10-29 03:22:17,False
https://www.youtube.com/channel/UCP6qRiaxaDeot-nvC-bxsTw,ÿßŸÖŸäŸÜ ÿßŸÑŸÜÿßÿ∏ŸÑŸâ,UCP6qRiaxaDeot-nvC-bxsTw,109000,109000,0,0.0,2025-10-29 03:22:18,False
https://www.youtube.com/channel/UCh5WrXMEdOifhfihh3KwEmg,Kings League Brazil,UCh5WrXMEdOifhfihh3KwEmg,262000,254000,8000,3.1496,2025-10-29 03:22:19,False
https://www.youtube.com/channel/UC7cW_vBGQAmwlTEhxO06QKg,Destino Drama,UC7cW_vBGQAmwlTEhxO06QKg,264000,261000,3000,1.1494,2025-10-29 03:22:21,False
https://www.youtube.com/channel/UCx198y3Eo1l0uWSaDJfww6Q,Vingadora_YT,UCx198y3Eo1l0uWSaDJfww6Q,100000,100000,0,0.0,2025-10-29 03:22:22,False
https://www.youtube.com/channel/UCljBhOaNNqqZsO-WLVwvNzQ,ONILDO2,UCljBhOaNNqqZsO-WLVwvNzQ,250000,244000,6000,2.459,2025-10-29 03:22:23,False
https://www.youtube.com/channel/UCv4fqB6cFLPEl04OUuKVdxA,Carvs Espa√±ol,UCv4fqB6cFLPEl04OUuKVdxA,300000,295000,5000,1.6949,2025-10-29 03:22:25,False
https://www.youtube.com/channel/UCEdA_Hp9ics9A2HMANc_NtA,Esquina Caliente ,UCEdA_Hp9ics9A2HMANc_NtA,134000,128000,6000,4.6875,2025-10-29 03:22:26,False
https://www.youtube.com/channel/UCXA4oVCFUM3YHNi7C2WAzgQ,Ëó§Áî∞ÊñáÊ≠¶„ÉÅ„É£„É≥„Éç„É´,UCXA4oVCFUM3YHNi7C2WAzgQ,27200,26600,600,2.2556,2025-10-29 03:22:27,False
https://www.youtube.com/channel/UCoXe2h7Wckw_0C8MiVkLZHw,Utatane_ASMR,UCoXe2h7Wckw_0C8MiVkLZHw,113000,113000,0,0.0,2025-10-29 03:22:28,False
https://www.youtube.com/channel/UC2EblFj7QGFrJHV_8_gbyMg,Â§ßËÄÅÁéãÁúüÁü•¬∑ÁéãÂêâËàüÊè≠ÁßòÈ¢ëÈÅì‰∏®LaoWang Talk Channel,UC2EblFj7QGFrJHV_8_gbyMg,80200,80100,100,0.1248,2025-10-29 03:22:30,False
https://www.youtube.com/channel/UCWi_If_2oX9AXyWx0AEx7yw,The Pulse,UCWi_If_2oX9AXyWx0AEx7yw,114000,114000,0,0.0,2025-10-29 03:22:31,False
https://www.youtube.com/channel/UCP3bfgj9SUpF3IAhmfW_rbA,EDGE OF THE MATRIX,UCP3bfgj9SUpF3IAhmfW_rbA,55800,55200,600,1.087,2025-10-29 03:22:32,False
https://www.youtube.com/channel/UCt8HsnMdQAuQUMDNNjSJdnw,RTL Doku,UCt8HsnMdQAuQUMDNNjSJdnw,118000,117000,1000,0.8547,2025-10-29 03:22:33,False
https://www.youtube.com/channel/UClPsYfw_Fv7ERIcq0dBwkAg,Art Zero Channel,UClPsYfw_Fv7ERIcq0dBwkAg,83900,78100,5800,7.4264,2025-10-29 03:22:35,False
https://www.youtube.com/channel/UCsofdFuI4eoBzPw2t69FE1g,Pulch√©rie GBALET,UCsofdFuI4eoBzPw2t69FE1g,44100,42100,2000,4.7506,2025-10-29 03:22:36,False
https://www.youtube.com/channel/UCjFOn8bZN09zIgYwhTPkt9w,Mexico Ataca,UCjFOn8bZN09zIgYwhTPkt9w,112000,107000,5000,4.6729,2025-10-29 03:22:37,False
https://www.youtube.com/channel/UCOeoo_ocxDGUzleAojqhMtg,Dalia's Worldschooling Calabria TV,UCOeoo_ocxDGUzleAojqhMtg,95600,94400,1200,1.2712,2025-10-29 03:22:39,False
https://www.youtube.com/channel/UC1wp3kuLwwq48KpNXyp8Zpg,Pondok Lirboyo,UC1wp3kuLwwq48KpNXyp8Zpg,218000,217000,1000,0.4608,2025-10-29 03:22:40,False
https://www.youtube.com/channel/UC0U5WxzQtmdk1lkJTuaqraQ,‡∏Ñ‡∏•‡∏¥‡∏õ‡∏ö‡∏±‡∏ô‡πÄ‡∏ó‡∏¥‡∏á Clipbanterng,UC0U5WxzQtmdk1lkJTuaqraQ,63800,62200,1600,2.5723,2025-10-29 03:22:41,False
https://www.youtube.com/channel/UCKGvZP_PssCjooZMKui_KmQ,K Two2 Offical Channel,UCKGvZP_PssCjooZMKui_KmQ,16600,16200,400,2.4691,2025-10-29 03:22:42,False
https://www.youtube.com/channel/UCVvHHe5lnMSwqaAUvChndsA,Ben Leman,UCVvHHe5lnMSwqaAUvChndsA,130000,124000,6000,4.8387,2025-10-29 03:22:44,False
https://www.youtube.com/channel/UCNwijJk7Y8h4QP2LMLs4AKQ,HaHaHooHooMonkey,UCNwijJk7Y8h4QP2LMLs4AKQ,19200,19200,0,0.0,2025-10-29 03:22:45,False
https://www.youtube.com/channel/UCjJT1W1Q8uCNyC_i-XVAkyQ,Bir De Sen G√∂r,UCjJT1W1Q8uCNyC_i-XVAkyQ,95500,92900,2600,2.7987,2025-10-29 03:22:46,False
https://www.youtube.com/channel/UCjh-4kZg4kyPBEiR8-ENAwg,Nika,UCjh-4kZg4kyPBEiR8-ENAwg,139000,138000,1000,0.7246,2025-10-29 03:22:48,False
https://www.youtube.com/channel/UCrkQ8drlJKNqhcaF56_iSJw,–ó–¥–æ—Ä–æ–≤–æ –ñ–∏–≤—ë—à—å,UCrkQ8drlJKNqhcaF56_iSJw,48000,43900,4100,9.3394,2025-10-29 03:22:49,False
https://www.youtube.com/channel/UCGJYXjYfaFrnDL8NZngcESw,Malwinowicz Royale,UCGJYXjYfaFrnDL8NZngcESw,25300,24900,400,1.6064,2025-10-29 03:22:50,False
https://www.youtube.com/channel/UCNFQ_eY9ck9kvH7hVBdq13Q,LIGA PROSUR,UCNFQ_eY9ck9kvH7hVBdq13Q,10300,10300,0,0.0,2025-10-29 03:22:51,False
https://www.youtube.com/channel/UC-Pr8PZsZ9ok7Ith3LlFZDw,Daniel Barada,UC-Pr8PZsZ9ok7Ith3LlFZDw,85300,83500,1800,2.1557,2025-10-29 03:22:53,False
https://www.youtube.com/channel/UC-upSY6qIpmtX8c8fImTI8g,Shadhin Janatar Kotha,UC-upSY6qIpmtX8c8fImTI8g,39300,39100,200,0.5115,2025-10-29 03:22:54,False
https://www.youtube.com/channel/UCWc3KGogMDNB8uYKHpzAqWw,Basant Gurbani ,UCWc3KGogMDNB8uYKHpzAqWw,35300,35400,-100,-0.2825,2025-10-29 03:22:55,False
https://www.youtube.com/channel/UC49H999tjewVmrdLoCWCs4g,Destination FAANG,UC49H999tjewVmrdLoCWCs4g,42600,41800,800,1.9139,2025-10-29 03:22:56,False
https://www.youtube.com/channel/UCrbItYOeRUsE9WPLtT1dPZA,yant,UCrbItYOeRUsE9WPLtT1dPZA,219000,210000,9000,4.2857,2025-10-29 03:22:58,False
https://www.youtube.com/channel/UCWhMvstLR9kBcpR6Q2q4v4A,Julian Petroulas,UCWhMvstLR9kBcpR6Q2q4v4A,176000,175000,1000,0.5714,2025-10-29 03:22:59,False
https://www.youtube.com/channel/UCP1E-AIzbYKtbxLwFu9zB3g,Abeer hegazy,UCP1E-AIzbYKtbxLwFu9zB3g,58400,58400,0,0.0,2025-10-27 03:27:07,False
https://www.youtube.com/channel/UCKfYFlgQCR8faAbFIQpjngw,ŸáŸäÿ¶ÿ© ÿßŸÑÿ±ŸÇÿßÿ®ÿ© ŸàŸÖŸÉÿßŸÅÿ≠ÿ© ÿßŸÑŸÅÿ≥ÿßÿØ,UCKfYFlgQCR8faAbFIQpjngw,78100,78100,0,0.0,2025-10-29 03:23:08,False
https://www.youtube.com/channel/UCugPZHKYzFEhOALeBmrpZmQ,ÿ±ÿßŸÉÿßŸÜ ŸÖÿ≥ÿ™ÿ±Ÿä | Mystery,UCugPZHKYzFEhOALeBmrpZmQ,100000,99500,500,0.5025,2025-10-29 03:23:09,False
https://www.youtube.com/channel/UCj0pX8Rq8zmPsFbq9j9gH6Q,Truth Wins Here,UCj0pX8Rq8zmPsFbq9j9gH6Q,97600,88400,9200,10.4072,2025-10-29 03:23:11,False
https://www.youtube.com/channel/UCwSM2RqEa8ClFeRt7GKfogA,Sr Reset,UCwSM2RqEa8ClFeRt7GKfogA,306000,302000,4000,1.3245,2025-10-29 03:23:12,False
https://www.youtube.com/channel/UCMUZI8jN1zVmgp1c_ZdXayg,Diego San Araujo ,UCMUZI8jN1zVmgp1c_ZdXayg,144000,143000,1000,0.6993,2025-10-29 03:23:13,False
https://www.youtube.com/channel/UCso7WAODcvLUPDhdK3ad_WA,HALAM SILVA monetiza√ß√£o de rede sociais,UCso7WAODcvLUPDhdK3ad_WA,32599,0,0,0.0,2025-10-23 01:28:31,False
https://www.youtube.com/channel/UCnWDt2Y_gf78X7JRb5tiIzg,Hallenzito,UCnWDt2Y_gf78X7JRb5tiIzg,38200,38100,100,0.2625,2025-10-29 03:23:22,False
https://www.youtube.com/channel/UCKFzVPjtx0833OWggArvF0g,Patrones del Juego,UCKFzVPjtx0833OWggArvF0g,49800,49700,100,0.2012,2025-10-29 03:23:24,False
https://www.youtube.com/channel/UCYH6pE7HakphYOSe7IWpeEw,Lili Cupcakes,UCYH6pE7HakphYOSe7IWpeEw,33800,33800,0,0.0,2025-10-29 03:23:25,False
https://www.youtube.com/channel/UC28hcmMG3TJv60Byo528VVg,„Éã„Ç≥„Éã„Ç≥„Éã„É•„Éº„Çπ,UC28hcmMG3TJv60Byo528VVg,303000,298000,5000,1.6779,2025-10-29 03:23:26,False
https://www.youtube.com/channel/UCkddzzJ-YkPNipKuZJc7zsg,ÊîøÊ≤ª„ÅÆ„ÅÇ„Çå„Åì„Çå,UCkddzzJ-YkPNipKuZJc7zsg,69400,68800,600,0.8721,2025-10-29 03:23:28,False
https://www.youtube.com/channel/UCFAZNPoAwDd2aiXb1kKpvCg,Ayush Painuly ,UCFAZNPoAwDd2aiXb1kKpvCg,68100,64200,3900,6.0748,2025-10-29 03:23:29,False
https://www.youtube.com/channel/UCY4Fgauvs5Z-sZ4mv8JKCsg,ÁßÄÁßÄ&ÂÖúÂÖú„ÅÆÂ≠ïÂØµÊó•Ë®ò,UCY4Fgauvs5Z-sZ4mv8JKCsg,46000,45300,700,1.5453,2025-10-29 03:23:30,False
https://www.youtube.com/channel/UCsu8vI_3I_7k69Libbl_Qlg,Ë®ÄË∂£Êó•ËØ≠ËØæÂ†Ç,UCsu8vI_3I_7k69Libbl_Qlg,51500,50000,1500,3.0,2025-10-29 03:23:31,False
https://www.youtube.com/channel/UC9IdV7zIlIXm8UXU2JH7pSg,Î∞±ÏÑ∏ÏπúÍµ¨,UC9IdV7zIlIXm8UXU2JH7pSg,129000,126000,3000,2.381,2025-10-29 03:23:33,False
https://www.youtube.com/channel/UC_fhIE6HZbRObJzjDu56M_w,Matchball - Îß§ÏπòÎ≥º,UC_fhIE6HZbRObJzjDu56M_w,125000,123000,2000,1.626,2025-10-29 03:23:34,False
https://www.youtube.com/channel/UCUE8qyp-RoPou5S_u_pjEDA,Gina,UCUE8qyp-RoPou5S_u_pjEDA,257000,235000,22000,9.3617,2025-10-29 03:23:35,False
https://www.youtube.com/channel/UCiRTG574WSXOpgcQrbxxdyg,A B√°u E Gi√°p,UCiRTG574WSXOpgcQrbxxdyg,49200,48800,400,0.8197,2025-10-23 03:20:02,False
https://www.youtube.com/channel/UCQSeRwhthWinw5dnOS6E_Lg,Just our blox,UCQSeRwhthWinw5dnOS6E_Lg,24100,23400,700,2.9915,2025-10-29 03:23:45,False
https://www.youtube.com/channel/UCkTLou1OyLrTiPN_BH7Hayg,Senvik,UCkTLou1OyLrTiPN_BH7Hayg,95200,94800,400,0.4219,2025-10-29 03:23:46,False
https://www.youtube.com/channel/UCHEEJUAIHuTgtlvyZAwRc3g,Tech In Black,UCHEEJUAIHuTgtlvyZAwRc3g,40700,39900,800,2.005,2025-10-29 03:23:47,False
https://www.youtube.com/channel/UCqzLNvMD2akt9YBs8y7kAvQ,Million Rezepte,UCqzLNvMD2akt9YBs8y7kAvQ,37300,36000,1300,3.6111,2025-10-29 03:23:48,False
https://www.youtube.com/channel/UCOAEXhZawOP8DrPT1Db6gGg,Quran Majid ,UCOAEXhZawOP8DrPT1Db6gGg,25700,25700,0,0.0,2025-10-29 03:23:50,False
https://www.youtube.com/channel/UCRwblmFYgu06bXH_H_ceIfQ,Youssef Temsamani ŸäŸàÿ≥ŸÅ ÿßŸÑÿ™ŸÖÿ≥ŸÖÿßŸÜŸä,UCRwblmFYgu06bXH_H_ceIfQ,54800,53900,900,1.6698,2025-10-29 03:23:51,False
https://www.youtube.com/channel/UCEH_mh8DXMPBxdz6zSfWuxg,ÿ™ŸÅÿ≥Ÿäÿ± ÿßŸÑÿ£ÿ≠ŸÑÿßŸÖ ŸÖÿπ Ÿáÿßÿ¥ŸÖ ÿßŸÑŸÇÿ±ÿ¥ Hashem El Kersh,UCEH_mh8DXMPBxdz6zSfWuxg,68800,67400,1400,2.0772,2025-10-29 03:23:52,False
https://www.youtube.com/channel/UCVvXZe7wo-nZAeO6SCxcMSw,KAKA JUST OFFICIAL,UCVvXZe7wo-nZAeO6SCxcMSw,101000,101000,0,0.0,2025-10-29 03:23:54,False
https://www.youtube.com/channel/UCBGgQH2tLrsgQFjszFSFWjw,OPM Radio PH,UCBGgQH2tLrsgQFjszFSFWjw,30700,28700,2000,6.9686,2025-10-29 03:23:55,False
https://www.youtube.com/channel/UCUPkNLTZ4Q1QaSwG9ZmXxdQ,ùë©ùíñùíÖùíÖùíâùíäùíîùíé ·Äì·Äô·Äπ·Äô·Ä°·Äô·Ä±·Ä∏·Ä°·Äñ·Äº·Ä±,UCUPkNLTZ4Q1QaSwG9ZmXxdQ,141000,140000,1000,0.7143,2025-10-29 03:23:56,False
https://www.youtube.com/channel/UCa9jHsDunlqaO7GsoCgi-uw,·Äú·Äæ·Ä≠·ÄØ·ÄÑ·Ä∫·Äû·Ä¨·Äö·Ä¨·ÄÄ·Ä≠·ÄØ·Äõ·ÄÆ·Ä∏,UCa9jHsDunlqaO7GsoCgi-uw,47100,46900,200,0.4264,2025-10-29 03:23:57,False
https://www.youtube.com/channel/UCpQNCzG7n9IEw9yHZF_odwQ,SiiPlayz,UCpQNCzG7n9IEw9yHZF_odwQ,62600,60400,2200,3.6424,2025-10-29 03:23:59,False
https://www.youtube.com/channel/UCgizYG4LeUQnwFMBQBwJWSQ,BK Sports,UCgizYG4LeUQnwFMBQBwJWSQ,178000,177000,1000,0.565,2025-10-29 03:24:00,False
https://www.youtube.com/channel/UCRZz2ppH1IoU9ohH5ItkP5Q,≈ªyjemy Sportem,UCRZz2ppH1IoU9ohH5ItkP5Q,47700,47600,100,0.2101,2025-10-29 03:24:01,False
https://www.youtube.com/channel/UCECdp9PiXpeVhHvVs-djBiw,tapados de laburo,UCECdp9PiXpeVhHvVs-djBiw,117000,115000,2000,1.7391,2025-10-29 03:24:03,False
https://www.youtube.com/channel/UCob7OLjLtSDnD40I7k6eOkQ,Decoovirall,UCob7OLjLtSDnD40I7k6eOkQ,113000,108000,5000,4.6296,2025-10-29 03:24:04,False
https://www.youtube.com/channel/UCcbrZzEWrhAAgGJ1mDqPAwg,TriviaYa,UCcbrZzEWrhAAgGJ1mDqPAwg,32900,32300,600,1.8576,2025-10-29 03:24:05,False
https://www.youtube.com/channel/UCGPCMzgfDyK-N01mERKGsIg,Vuelve A Ti,UCGPCMzgfDyK-N01mERKGsIg,34700,34200,500,1.462,2025-10-29 03:24:06,False
https://www.youtube.com/channel/UCgBLKA3IMa1gamkJjKgJ9Uw,COMUNIDAD BITCOIN,UCgBLKA3IMa1gamkJjKgJ9Uw,11500,11300,200,1.7699,2025-10-29 03:24:08,False
https://www.youtube.com/channel/UCyn2l4llOrAiR8ETjRntceg,LEEYEEZY,UCyn2l4llOrAiR8ETjRntceg,35900,35900,0,0.0,2025-10-29 03:24:09,False
https://www.youtube.com/channel/UCHEGQPwIcGnFTq11at9qBQg,–í—Ç–æ—Ä–æ–π —Å–∫–ª–∞–¥ –º—ã—Å–ª–µ–π,UCHEGQPwIcGnFTq11at9qBQg,10900,10800,100,0.9259,2025-10-29 03:24:10,False
https://www.youtube.com/channel/UCyaGSa2I38ziBDGtF5N1wng,Scalar Waver Fields,UCyaGSa2I38ziBDGtF5N1wng,49300,46100,3200,6.9414,2025-10-29 03:24:12,False
https://www.youtube.com/channel/UC3dtGgmaJfzWFgx7YWIUpKg,ESPN Australia,UC3dtGgmaJfzWFgx7YWIUpKg,50000,48700,1300,2.6694,2025-10-29 03:24:13,False
https://www.youtube.com/channel/UC8_MZgNVeE5ff4uFX0zAbxg,Oranda ASMR,UC8_MZgNVeE5ff4uFX0zAbxg,383000,383000,0,0.0,2025-10-29 03:24:14,False
https://www.youtube.com/channel/UCojLM0RmUZ88SJnsPjnQ9dA,TwitchinGamerBoy,UCojLM0RmUZ88SJnsPjnQ9dA,31100,29900,1200,4.0134,2025-10-29 03:24:15,False
https://www.youtube.com/channel/UChMuaJra83nkITLPIugsUNQ,‡¶≠‡¶æ‡¶≤‡ßã ‡¶ï‡ßÅ‡¶∞‡¶Ü‡¶® ‡¶§‡ßá‡¶≤‡¶æ‡¶ì‡¶Ø‡¶º‡¶æ‡¶§,UChMuaJra83nkITLPIugsUNQ,14000,13500,500,3.7037,2025-10-29 03:24:17,False
https://www.youtube.com/channel/UC1M9nmEs8J8ifzs20qvM75A,Tiramisu Stall,UC1M9nmEs8J8ifzs20qvM75A,24100,23400,700,2.9915,2025-10-29 03:24:18,False
https://www.youtube.com/channel/UCyH9JGNwCyp-ZNlXDQPi8uA,ÿ®ÿ≥ÿ∑ŸÜŸáÿßŸÑŸÉ,UCyH9JGNwCyp-ZNlXDQPi8uA,281000,278000,3000,1.0791,2025-10-29 03:24:19,False
https://www.youtube.com/channel/UCzk2DNtPwgf3TwX-wt4I5RA,RED TWIN,UCzk2DNtPwgf3TwX-wt4I5RA,32000,32000,0,0.0,2025-10-29 03:24:20,False
https://www.youtube.com/channel/UCVbyxPP6BOfvrgYjVmf0jDA,RYLO,UCVbyxPP6BOfvrgYjVmf0jDA,76500,58800,17700,30.102,2025-10-29 03:24:22,False
https://www.youtube.com/channel/UCQngYk6A1AVTGqdTNgiEggg,CyberCamel110,UCQngYk6A1AVTGqdTNgiEggg,95400,94000,1400,1.4894,2025-10-29 03:24:23,False
https://www.youtube.com/channel/UC3-9hXYeUpIhM9-FdwlkdaA,Sero Abdoulhaqq ,UC3-9hXYeUpIhM9-FdwlkdaA,66900,0,0,0.0,2025-10-24 01:24:16,False
https://www.youtube.com/channel/UCwuqxFLl4jdw985m5Vtz86g,MestreMX Acompanhando sua Aventura!,UCwuqxFLl4jdw985m5Vtz86g,88200,85000,3200,3.7647,2025-10-29 03:24:32,False
https://www.youtube.com/channel/UCdhRY-24osoE23a-kt80ALg,_ENJAMUL_üé¨,UCdhRY-24osoE23a-kt80ALg,121000,121000,0,0.0,2025-10-29 03:24:33,False
https://www.youtube.com/channel/UCuDBm7oR0VDM4UNSnnMMqwg,Fan de Ciencia,UCuDBm7oR0VDM4UNSnnMMqwg,208000,205000,3000,1.4634,2025-10-29 03:24:35,False
https://www.youtube.com/channel/UCTbzH82tEtgWCwLiT-xTyWQ,Kickaza,UCTbzH82tEtgWCwLiT-xTyWQ,117000,116000,1000,0.8621,2025-10-29 03:24:36,False
https://www.youtube.com/channel/UCHGAzOQZEQLpvyoB63Ptkqw,West,UCHGAzOQZEQLpvyoB63Ptkqw,30800,30300,500,1.6502,2025-10-29 03:24:37,False
https://www.youtube.com/channel/UC00WC3Milnsjk8h2A2FGPBw,MONO BABI ESP,UC00WC3Milnsjk8h2A2FGPBw,45200,43500,1700,3.908,2025-10-29 03:24:39,False
https://www.youtube.com/channel/UCKBT9RsmIdJDxoNXUIXvX6A,‰ΩêÈáéÂãáÊñó„Å†„Åû,UCKBT9RsmIdJDxoNXUIXvX6A,169000,168000,1000,0.5952,2025-10-29 03:24:40,False
https://www.youtube.com/channel/UCuZ5zkI_HL9BVRdU5QFDLag,MarbleRunRun,UCuZ5zkI_HL9BVRdU5QFDLag,176000,176000,0,0.0,2025-10-29 03:24:41,False
https://www.youtube.com/channel/UC1UbxgF-nISLr324cs70h5w,„Éî„Éº„Ç®„Éº„ÉØ„Éº„ÇØ„ÇπÂÖ¨ÂºèYouTube„ÉÅ„É£„É≥„Éç„É´,UC1UbxgF-nISLr324cs70h5w,16000,15600,400,2.5641,2025-10-29 03:24:42,False
https://www.youtube.com/channel/UCv2d6bZlquOUh_fQdp9XMMg,ÍπÄÏû¨ÏõêTV,UCv2d6bZlquOUh_fQdp9XMMg,202000,195000,7000,3.5897,2025-10-29 03:24:44,False
https://www.youtube.com/channel/UCcqZUzTzIdrfB50qhvAGoMw,Smile Life Fashion,UCcqZUzTzIdrfB50qhvAGoMw,29200,25200,4000,15.873,2025-10-29 03:24:45,False
https://www.youtube.com/channel/UCD7zDSR3U8R4-FWCykVTT1w,Ali-A Blox,UCD7zDSR3U8R4-FWCykVTT1w,265000,251000,14000,5.5777,2025-10-29 03:24:46,False
https://www.youtube.com/channel/UCeGrv6dYPmseO491cKPeTrA,Shaun Jones,UCeGrv6dYPmseO491cKPeTrA,271000,271000,0,0.0,2025-10-29 03:24:47,False
https://www.youtube.com/channel/UCMBX6Z4vHIJv7FZJH5jqwWQ,ÿ≠ŸÉÿßŸäÿßÿ™ ŸàÿßŸÇÿπŸäŸá,UCMBX6Z4vHIJv7FZJH5jqwWQ,96400,96400,0,0.0,2025-10-29 03:24:49,False
https://www.youtube.com/channel/UCJUH6U2858DiQDYDyDRvu3Q,saeedbook,UCJUH6U2858DiQDYDyDRvu3Q,29800,28700,1100,3.8328,2025-10-29 03:24:50,False
https://www.youtube.com/channel/UCzthy6uew_kJ0GGCsXPxYTw,Mr Falex,UCzthy6uew_kJ0GGCsXPxYTw,109000,107000,2000,1.8692,2025-10-29 03:24:51,False
https://www.youtube.com/channel/UC1532ZHC-nyxEgnqzPCyOGg,Love Channel,UC1532ZHC-nyxEgnqzPCyOGg,79900,79800,100,0.1253,2025-10-29 03:24:53,False
https://www.youtube.com/channel/UCRWK97qqSBE7fNTdsSL5Q_w,Uzbechka  Puma Nargiza üêÜ,UCRWK97qqSBE7fNTdsSL5Q_w,134000,133000,1000,0.7519,2025-10-29 03:24:54,False
https://www.youtube.com/channel/UCLyA-2p3V8yoI_rBYyoQgPQ,World of Value,UCLyA-2p3V8yoI_rBYyoQgPQ,87100,86900,200,0.2301,2025-10-29 03:24:55,False
https://www.youtube.com/channel/UCkyMdN4Y8brNMONv6Z4yLzA,MASACOMIC KITCHEN,UCkyMdN4Y8brNMONv6Z4yLzA,58300,57500,800,1.3913,2025-10-29 03:24:56,False
https://www.youtube.com/channel/UCffuR18tbd3I1N-atIoFdSw,Young ,UCffuR18tbd3I1N-atIoFdSw,46200,39100,7100,18.1586,2025-10-29 03:24:58,False
https://www.youtube.com/channel/UCErLD6eIvFtt308z9j01MZw,RubieraTiempo,UCErLD6eIvFtt308z9j01MZw,249000,234000,15000,6.4103,2025-10-29 03:24:59,False
https://www.youtube.com/channel/UCB0voBukOFpOQqdeX7_Y8_Q,IOQS - ÿßŸÑŸÖÿπŸáÿØ ÿßŸÑÿØŸàŸÑŸä ŸÑŸÑÿØÿ±ÿßÿ≥ÿßÿ™ ÿßŸÑŸÇÿ±ÿ°ÿßŸÜŸäÿ©,UCB0voBukOFpOQqdeX7_Y8_Q,103000,103000,0,0.0,2025-10-29 03:25:00,False
https://www.youtube.com/channel/UCiD214XKLvKuTFO_V_QPFtw,Cucok Meong,UCiD214XKLvKuTFO_V_QPFtw,231000,175000,56000,32.0,2025-10-29 03:25:02,False
https://www.youtube.com/channel/UCquQ--ebz71zOrlDIhSnJhA,Audio By Zaw Naing,UCquQ--ebz71zOrlDIhSnJhA,133000,132000,1000,0.7576,2025-10-29 03:25:03,False
https://www.youtube.com/channel/UCvA_kb8-ToAfuriTsDn8HwQ,GOAT TV,UCvA_kb8-ToAfuriTsDn8HwQ,78900,78600,300,0.3817,2025-10-29 03:25:04,False
https://www.youtube.com/channel/UCAfaLPdBPRSjortjeyeQMbw,Komedimsi_Shorts,UCAfaLPdBPRSjortjeyeQMbw,166000,149000,17000,11.4094,2025-10-29 03:25:05,False
https://www.youtube.com/channel/UC8YngHvLjuTjzeE-IFszXZQ,Professional But Practical‚ôü,UC8YngHvLjuTjzeE-IFszXZQ,156000,152000,4000,2.6316,2025-10-29 03:25:07,False
https://www.youtube.com/channel/UC675q_wzn-4auvqtewgUWrA,EL HUMANO DETR√ÅS DEL L√çDER,UC675q_wzn-4auvqtewgUWrA,91100,88600,2500,2.8217,2025-10-29 03:25:08,False
https://www.youtube.com/channel/UCBRnGhV15nUrofzPNkiioZQ,Grzegorz Gac (GaCeK),UCBRnGhV15nUrofzPNkiioZQ,15900,14500,1400,9.6552,2025-10-29 03:25:09,False
https://www.youtube.com/channel/UC-k-TIJWY_c1GPDnfFwejLQ,Klaudio,UC-k-TIJWY_c1GPDnfFwejLQ,18600,18600,0,0.0,2025-10-29 03:25:11,False
https://www.youtube.com/channel/UCzhMQ7Mj9nPWHTzgzHkWMhA,Czwarta W≈Çadza - Vox Populi,UCzhMQ7Mj9nPWHTzgzHkWMhA,37000,36900,100,0.271,2025-10-29 03:25:12,False
https://www.youtube.com/channel/UC8G6qLXkmmpDmJElsLg7oDg,Historias Que Marcan ,UC8G6qLXkmmpDmJElsLg7oDg,32000,31600,400,1.2658,2025-10-29 03:25:13,False
https://www.youtube.com/channel/UC9QwHvkEn4ooZbjiLp0k11w,Iv√°n Cepeda Castro,UC9QwHvkEn4ooZbjiLp0k11w,32600,30700,1900,6.1889,2025-10-29 03:25:14,False
https://www.youtube.com/channel/UC4tez62wOsLjjzo9LwcMWiA,Verdades Del Cielo,UC4tez62wOsLjjzo9LwcMWiA,51600,48400,3200,6.6116,2025-10-29 03:25:16,False
https://www.youtube.com/channel/UCFLmVg2hV7Vq-X2KtlQs80A,ESPLENDIDOS DE SALVIA ,UCFLmVg2hV7Vq-X2KtlQs80A,28800,28800,0,0.0,2025-10-29 03:25:17,False
https://www.youtube.com/channel/UCBy6BdjaD4o7WhtGkls79GQ,Khabib_chempion,UCBy6BdjaD4o7WhtGkls79GQ,65300,0,0,0.0,2025-10-24 01:52:50,False
https://www.youtube.com/channel/UCG1AHpHEMU6BkX530BYZeBw,Fidelity Canada,UCG1AHpHEMU6BkX530BYZeBw,48700,40100,8600,21.4464,2025-10-29 03:25:26,False
https://www.youtube.com/channel/UC85JJ_OjrdXOSTEmZnr62Sw,COSAFA,UC85JJ_OjrdXOSTEmZnr62Sw,58500,58500,0,0.0,2025-10-29 03:25:27,False
https://www.youtube.com/channel/UChJa4TaNOWVxfkE0ko6LnKw,Naqua SA,UChJa4TaNOWVxfkE0ko6LnKw,51500,51000,500,0.9804,2025-10-29 03:25:29,False
https://www.youtube.com/channel/UCz9GHYwr-q1qLlfP-WVHgOw,U Htike,UCz9GHYwr-q1qLlfP-WVHgOw,26200,25600,600,2.3438,2025-10-29 03:25:30,False
https://www.youtube.com/channel/UCpMH8oi2tSVxlyJkimhPmug,Nesrin gaming,UCpMH8oi2tSVxlyJkimhPmug,151000,144000,7000,4.8611,2025-10-29 03:25:31,False
https://www.youtube.com/channel/UC3t5grUIA6p5UgST80kDrtA,Tu·∫•n N√πng Vlog,UC3t5grUIA6p5UgST80kDrtA,45500,45100,400,0.8869,2025-10-29 03:25:33,False
https://www.youtube.com/channel/UC1UNCpTKyyX-myigT5Ny7xw,ÿ≥Ÿàÿ±ÿ© ÿ¨ŸÖŸäŸÑÿ© | Beautiful Surah,UC1UNCpTKyyX-myigT5Ny7xw,119000,116000,3000,2.5862,2025-10-29 03:25:34,False
https://www.youtube.com/channel/UCqCUQYE8QO3N0GC_K3i3wgw,Now or Never,UCqCUQYE8QO3N0GC_K3i3wgw,199000,199000,0,0.0,2025-10-29 03:25:35,False
https://www.youtube.com/channel/UCons4cjDd9m66VFK57Ajnog,ayyappaswami devastanam koduru,UCons4cjDd9m66VFK57Ajnog,295000,288000,7000,2.4306,2025-10-29 03:25:36,False
https://www.youtube.com/channel/UCxO4_fQ3VAO1NSsanKge7qg,BBVA M√©xico,UCxO4_fQ3VAO1NSsanKge7qg,176000,176000,0,0.0,2025-10-29 03:25:38,False
https://www.youtube.com/channel/UCSzd2tlFW_DvVPp44JmaUrg,„Éó„É≠ÈáéÁêÉ „Éâ„É©„Éï„Éà„Å°„ÇÉ„Çì„Å≠„Çã,UCSzd2tlFW_DvVPp44JmaUrg,58500,58100,400,0.6885,2025-10-29 03:25:39,False
https://www.youtube.com/channel/UCCRJWqyU2PsNQ_whUFpOm-A,Êó•Êú¨ÊøÄ„Åä„ÅìÂßîÂì°‰ºö,UCCRJWqyU2PsNQ_whUFpOm-A,44300,43700,600,1.373,2025-10-29 03:25:40,False
https://www.youtube.com/channel/UCxk-xk9E_GS8Z5qJ-iBYLyw,ËêΩ‰πÉ„ÅÑ„Å™„Åª-Ochinai Inaho-,UCxk-xk9E_GS8Z5qJ-iBYLyw,47100,44900,2200,4.8998,2025-10-29 03:25:42,False
https://www.youtube.com/channel/UCQZaeImiogcC_Kd5_Qas8hw,Á¶ÅÊñ≠„Ç§„É≥„Çø„Éì„É•„Éº,UCQZaeImiogcC_Kd5_Qas8hw,83100,82300,800,0.9721,2025-10-29 03:25:43,False
https://www.youtube.com/channel/UCEHZWlv_W0oU__1-m9cq1Nw,Hello!ÁïôÂ≠¶„ÉÅ„É£„É≥„Éç„É´ ~Study Abroad~,UCEHZWlv_W0oU__1-m9cq1Nw,32100,31900,200,0.627,2025-10-29 03:25:44,False
https://www.youtube.com/channel/UCiWnCbb9k3ZbirIIbwncjrw,ÏßÄÎ¶øÏßÄÎ¶ø,UCiWnCbb9k3ZbirIIbwncjrw,65000,63800,1200,1.8809,2025-10-29 03:25:45,False
https://www.youtube.com/channel/UCNJ3pfv5ue47WA5iQJO-81Q,Ïù∏ÏÉùÌÖîÎ†àÎπÑ,UCNJ3pfv5ue47WA5iQJO-81Q,60800,60700,100,0.1647,2025-10-29 03:25:47,False
https://www.youtube.com/channel/UCovmfdq-UBQcCD3WAlE8sPg,Nigel The Caravan Man,UCovmfdq-UBQcCD3WAlE8sPg,95600,94400,1200,1.2712,2025-10-29 03:25:48,False
https://www.youtube.com/channel/UCC-EdXIfzizbxoKmVHV9I5w,Habtom Entertainment,UCC-EdXIfzizbxoKmVHV9I5w,104000,103000,1000,0.9709,2025-10-29 03:25:49,False
https://www.youtube.com/channel/UCcNjBtbxhW-SvHBizwftAtg,AIR Serrano,UCcNjBtbxhW-SvHBizwftAtg,16900,16700,200,1.1976,2025-10-29 03:25:50,False
https://www.youtube.com/channel/UCa7IcQjnxZTOLgdNU14Hydg,tatsache,UCa7IcQjnxZTOLgdNU14Hydg,251000,249000,2000,0.8032,2025-10-29 03:25:52,False
https://www.youtube.com/channel/UCUNlg5Vl1DFmqOJktc4JS3w,VTN,UCUNlg5Vl1DFmqOJktc4JS3w,56600,53400,3200,5.9925,2025-10-29 03:25:53,False
https://www.youtube.com/channel/UCgd0ynNARXrWPn32S9uKdqg,Georgina Gio,UCgd0ynNARXrWPn32S9uKdqg,75900,71900,4000,5.5633,2025-10-29 03:25:54,False
https://www.youtube.com/channel/UClyH9lP1c2PVdJYKULDL5fw,FabioGhioni,UClyH9lP1c2PVdJYKULDL5fw,113000,110000,3000,2.7273,2025-10-29 03:25:56,False
https://www.youtube.com/channel/UC3w5MdLLWom74C3bQScETMw,THINK OF SOUL,UC3w5MdLLWom74C3bQScETMw,26600,26900,-300,-1.1152,2025-10-29 03:25:57,False
https://www.youtube.com/channel/UCVNoFFqBL73eSycGLRbiFQQ,Hinog na Kaalaman,UCVNoFFqBL73eSycGLRbiFQQ,97900,95900,2000,2.0855,2025-10-29 03:25:58,False
https://www.youtube.com/channel/UCLBOUW3UTo5-fZMU9RXtCsw,Ko Pyae(2),UCLBOUW3UTo5-fZMU9RXtCsw,30400,30400,0,0.0,2025-10-29 03:25:59,False
https://www.youtube.com/channel/UCrcLt9RnjzIzCbV0SOj7kXA,Kai Idea,UCrcLt9RnjzIzCbV0SOj7kXA,46800,46000,800,1.7391,2025-10-29 03:26:01,False
https://www.youtube.com/channel/UCW-DgjGFPTJmj8rqCsNGgVA,Morphle T√ºrk√ße,UCW-DgjGFPTJmj8rqCsNGgVA,249000,241000,8000,3.3195,2025-10-29 03:26:02,False
https://www.youtube.com/channel/UCjT9Ut8daOhApk1UPQqCQHQ,üóøSIGMA PLAYER LOVE üç∫,UCjT9Ut8daOhApk1UPQqCQHQ,13200,12300,900,7.3171,2025-10-29 03:26:03,False
https://www.youtube.com/channel/UCs7Ged5DJCaORFgvPbda8mA,Expediente NARCO,UCs7Ged5DJCaORFgvPbda8mA,81900,80000,1900,2.375,2025-10-29 03:26:05,False
https://www.youtube.com/channel/UCDdMHdfCIbiKhL82KrxeJkA,Joaco C√°mara,UCDdMHdfCIbiKhL82KrxeJkA,49500,49200,300,0.6098,2025-10-29 03:26:06,False
https://www.youtube.com/channel/UCGc0m8chq_blZAFO9_HJ2gA,Hasta que el Podcast nos separe,UCGc0m8chq_blZAFO9_HJ2gA,30300,29500,800,2.7119,2025-10-29 03:26:07,False
https://www.youtube.com/channel/UCvnwwdwxkiZa6R_c5iEPysw,Puckerdubs,UCvnwwdwxkiZa6R_c5iEPysw,70300,68000,2300,3.3824,2025-10-29 03:26:08,False
https://www.youtube.com/channel/UCkJmNSx8y0Nh30RxfbbEcpA,atorix,UCkJmNSx8y0Nh30RxfbbEcpA,79300,78700,600,0.7624,2025-10-29 03:26:10,False
https://www.youtube.com/channel/UCGGiXxzoQazpOu_H-A8G_2g,ChiefAssassin Shorts,UCGGiXxzoQazpOu_H-A8G_2g,19100,19100,0,0.0,2025-10-29 03:26:11,False
https://www.youtube.com/channel/UCRp6wxtKCPEJOZLHgbp6Fvg,Nani Gaming,UCRp6wxtKCPEJOZLHgbp6Fvg,26300,26300,0,0.0,2025-10-29 03:26:12,False
https://www.youtube.com/channel/UC62c759dZKrHC-cy61MJZRQ,Fahad Mk [fearless vlog],UC62c759dZKrHC-cy61MJZRQ,38600,37600,1000,2.6596,2025-10-29 03:26:14,False
https://www.youtube.com/channel/UCqIPTu494FzyNw1SxyNIQYA,Politik Kita,UCqIPTu494FzyNw1SxyNIQYA,27000,26800,200,0.7463,2025-10-29 03:26:15,False
https://www.youtube.com/channel/UCqwN6fbzONtrquKA6UEQfMw,xFusion Global,UCqwN6fbzONtrquKA6UEQfMw,68100,61900,6200,10.0162,2025-10-29 03:26:16,False
https://www.youtube.com/channel/UCMPdfQnOy5Vu07j6C141FWQ,Wallexchange,UCMPdfQnOy5Vu07j6C141FWQ,195000,193000,2000,1.0363,2025-10-29 03:26:17,False
https://www.youtube.com/channel/UCc7aBDDnhTntRY54TV1WTmA,HaiperLIVE,UCc7aBDDnhTntRY54TV1WTmA,114000,113000,1000,0.885,2025-10-29 03:26:19,False
https://www.youtube.com/channel/UC_C-HIBvx4ghNMKYCmdTm6Q,Kalakazin,UC_C-HIBvx4ghNMKYCmdTm6Q,93500,91900,1600,1.741,2025-10-29 03:26:20,False
https://www.youtube.com/channel/UChAUqFBqopeTffqzIRbCdCQ,Caminho Espiritual,UChAUqFBqopeTffqzIRbCdCQ,98900,96600,2300,2.381,2025-10-29 03:26:21,False
https://www.youtube.com/channel/UCdQEBagj6-VZVeZ9x8b9B-A,Luzy Boy,UCdQEBagj6-VZVeZ9x8b9B-A,233000,219000,14000,6.3927,2025-10-29 03:26:22,False
https://www.youtube.com/channel/UC17iB44so491-tNNc431vQg,Tocin√≠n,UC17iB44so491-tNNc431vQg,36200,34400,1800,5.2326,2025-10-29 03:26:24,False
https://www.youtube.com/channel/UCgw5my-SeobmuuE3CxPC2RA,ZAPSITO,UCgw5my-SeobmuuE3CxPC2RA,112000,108000,4000,3.7037,2025-10-29 03:26:25,False
https://www.youtube.com/channel/UCeiIfeIHEva247tGv2LlXOw,Sacer Cervantes Vlogs,UCeiIfeIHEva247tGv2LlXOw,81300,80900,400,0.4944,2025-10-29 03:26:26,False
https://www.youtube.com/channel/UCuTYJAEt4nJjAS6mIswjjog,360 ‡¶ì‡¶Ø‡¶º‡¶æ‡¶∞‡ßç‡¶≤‡ßç‡¶° ‡¶®‡¶ø‡¶â‡¶ú  360 World News,UCuTYJAEt4nJjAS6mIswjjog,1170,1170,0,0.0,2025-10-29 03:26:28,False
https://www.youtube.com/channel/UCQ4zHN_bc__rIDa9rMW5qXQ,Dessu Survival,UCQ4zHN_bc__rIDa9rMW5qXQ,79400,72000,7400,10.2778,2025-10-29 03:26:29,False
https://www.youtube.com/channel/UCfF3-CdlGtfVauIiLyIMinw,ÏÑ∏Í≥ÑÎã®ÏùºÌôîÌèêXRP,UCfF3-CdlGtfVauIiLyIMinw,18100,17700,400,2.2599,2025-10-29 03:26:30,False
https://www.youtube.com/channel/UCdc6yfUp8vrHDY_R1nlZRMw,BaRaDa Gold Korean,UCdc6yfUp8vrHDY_R1nlZRMw,200000,196000,4000,2.0408,2025-10-29 03:26:31,False
https://www.youtube.com/channel/UClNIU-v6e5-Zc20VH9YIX5A,ÏûêÏÇ∞Í≥±ÌïòÍ∏∞,UClNIU-v6e5-Zc20VH9YIX5A,16800,15200,1600,10.5263,2025-10-29 03:26:33,False
https://www.youtube.com/channel/UCHmf3_96b7TS-jTktn4rayA,Peren Original,UCHmf3_96b7TS-jTktn4rayA,106000,106000,0,0.0,2025-10-29 03:26:34,False
https://www.youtube.com/channel/UCQuV95SS9tPgnb87PaVmv_Q,Maamar Metmati Officiel,UCQuV95SS9tPgnb87PaVmv_Q,47600,45600,2000,4.386,2025-10-29 03:26:35,False
https://www.youtube.com/channel/UCb0JIlyHvR_-Q5u3eBpdmtA,ItsNicoBlox17,UCb0JIlyHvR_-Q5u3eBpdmtA,37500,35900,1600,4.4568,2025-10-29 03:26:37,False
https://www.youtube.com/channel/UCjRT9qEnK3im29Wn8BUcayA,PAMBANSANG KALIKOT,UCjRT9qEnK3im29Wn8BUcayA,51200,51100,100,0.1957,2025-10-29 03:26:38,False
https://www.youtube.com/channel/UCWWJSmAofa27uwMrtZfKhSA,PAPAVINTV,UCWWJSmAofa27uwMrtZfKhSA,129000,129000,0,0.0,2025-10-29 03:26:39,False
https://www.youtube.com/channel/UCFfMXlWudeYErFWilDhzP7A,‡∏´‡∏¢‡∏Å‡πÅ‡∏´‡πà‡∏á‡∏à‡∏±‡∏ô‡∏ó‡∏£‡∏≤,UCFfMXlWudeYErFWilDhzP7A,91800,90600,1200,1.3245,2025-10-29 03:26:40,False
https://www.youtube.com/channel/UCkVGjIM8J7UOd_EK8hxW3rw,Misyoner,UCkVGjIM8J7UOd_EK8hxW3rw,34800,29800,5000,16.7785,2025-10-29 03:26:42,False
https://www.youtube.com/channel/UCnTDnbXaFjnlM4ZyEGcb9nA,Logan Fletcher,UCnTDnbXaFjnlM4ZyEGcb9nA,130000,130000,0,0.0,2025-10-29 03:26:43,False
https://www.youtube.com/channel/UC56OUvb2I6JNkXj7U-nk7Tg,–ò—Å—Ç–æ—Ä–∏–∏ –æ—Ç –°–µ—Ä–≥–µ—è,UC56OUvb2I6JNkXj7U-nk7Tg,36900,33600,3300,9.8214,2025-10-29 03:26:44,False
https://www.youtube.com/channel/UCvXA50ZalZ0I-mxWarnGxLg,DrizzYT,UCvXA50ZalZ0I-mxWarnGxLg,30800,30100,700,2.3256,2025-10-29 03:26:45,False
https://www.youtube.com/channel/UCqqTOPFiTnIBmcba5sUzjLA,Data Suculenta,UCqqTOPFiTnIBmcba5sUzjLA,33000,31700,1300,4.1009,2025-10-29 03:26:47,False
https://www.youtube.com/channel/UCdm9uvLnZATdKV9peWE-gxw,Castings CineTV,UCdm9uvLnZATdKV9peWE-gxw,15300,13800,1500,10.8696,2025-10-29 03:26:48,False
https://www.youtube.com/channel/UCzAO81Uqm8xagr_ltYpgvLw,Lele El Vocero,UCzAO81Uqm8xagr_ltYpgvLw,32600,32600,0,0.0,2025-10-29 03:26:49,False
https://www.youtube.com/channel/UCZ3qLOoyJQkUeaNcXvG20fA,AbbyBlox,UCZ3qLOoyJQkUeaNcXvG20fA,28900,27900,1000,3.5842,2025-10-29 03:26:51,False
https://www.youtube.com/channel/UCloIx2Fy9PFV0AC6VYWuKIg,NOR CINEMA,UCloIx2Fy9PFV0AC6VYWuKIg,32300,31400,900,2.8662,2025-10-29 03:26:52,False
https://www.youtube.com/channel/UCJW0UGhhTAqBXkYjiHO51Mg,GAFARANGA NA MURAVA,UCJW0UGhhTAqBXkYjiHO51Mg,67100,65800,1300,1.9757,2025-10-29 03:26:53,False
https://www.youtube.com/channel/UCNYFFWcJAgYSZGa4_-Rf-ug,Asphalt Cake,UCNYFFWcJAgYSZGa4_-Rf-ug,66700,64800,1900,2.9321,2025-10-29 03:26:54,False
https://www.youtube.com/channel/UCIMAPDrpyWDHBXW49EoL1LA,Eslam Ashraf,UCIMAPDrpyWDHBXW49EoL1LA,133000,131000,2000,1.5267,2025-10-29 03:26:56,False
https://www.youtube.com/channel/UCj-2hfXdYPPNcLqcBeW3y8g,ÿ±Ÿäÿßÿ∂ÿ© ÿ´ŸÖÿßŸÜŸäÿ©,UCj-2hfXdYPPNcLqcBeW3y8g,193000,189000,4000,2.1164,2025-10-29 03:26:57,False
https://www.youtube.com/channel/UClKdAJ7uUE28weTJdklU2Mg,ŸÖŸáŸäÿ® ŸÖÿ≠ŸÖÿØ,UClKdAJ7uUE28weTJdklU2Mg,135000,135000,0,0.0,2025-10-29 03:26:58,False
https://www.youtube.com/channel/UC4jwRnAuWJusUQYeQ0thmFQ,MIAMI SHORT,UC4jwRnAuWJusUQYeQ0thmFQ,22900,22900,0,0.0,2025-10-29 03:27:00,False
https://www.youtube.com/channel/UCvKiJlAbb2MJlZ88frkGGvA,Mary Play,UCvKiJlAbb2MJlZ88frkGGvA,108000,100000,8000,8.0,2025-10-29 03:27:01,False
https://www.youtube.com/channel/UCySeaYBj7n83xY1UEX9_RXg,Kaio Samuel ,UCySeaYBj7n83xY1UEX9_RXg,152000,152000,0,0.0,2025-10-29 03:27:02,False
https://www.youtube.com/channel/UC-3GEngoLNGD7c0gPmOq5rA,Hostel boys Gamers,UC-3GEngoLNGD7c0gPmOq5rA,34100,34100,0,0.0,2025-10-29 03:27:03,False
https://www.youtube.com/channel/UCTLUyxG5tmb_fbsEbDk5ARw,nikks,UCTLUyxG5tmb_fbsEbDk5ARw,122000,117000,5000,4.2735,2025-10-29 03:27:05,False
https://www.youtube.com/channel/UCJEcOTZW8aZWiTCMsHM6Jfg,Beb√© Leo - Canciones Para Ni√±os ,UCJEcOTZW8aZWiTCMsHM6Jfg,246000,240000,6000,2.5,2025-10-29 03:27:06,False
https://www.youtube.com/channel/UCkjiUbv1FPmAmXUgjUFsWFg,Cutie Puff,UCkjiUbv1FPmAmXUgjUFsWFg,130000,128000,2000,1.5625,2025-10-29 03:27:07,False
https://www.youtube.com/channel/UCsK6AftfzwAr8PVUAy9diZA,Diamond WoW - R,UCsK6AftfzwAr8PVUAy9diZA,121000,117000,4000,3.4188,2025-10-29 03:27:09,False
https://www.youtube.com/channel/UCjo9_u6q94FFkSz3BJpgmYg,BaBaBop ESP,UCjo9_u6q94FFkSz3BJpgmYg,77100,74400,2700,3.629,2025-10-29 03:27:10,False
https://www.youtube.com/channel/UCcLDPsTg7cMSwbqK9KSgZCw,ÁâáÂ±±„Åï„Å§„ÅçÔºà„Åï„Å§„Åç„ÉÅ„É£„É≥„Éç„É´Ôºâ,UCcLDPsTg7cMSwbqK9KSgZCw,69900,59400,10500,17.6768,2025-10-29 03:27:11,False
https://www.youtube.com/channel/UCdd0Pn18BMFSjrTOvxdL4Ww,Life Stories of Survival,UCdd0Pn18BMFSjrTOvxdL4Ww,60100,52800,7300,13.8258,2025-10-29 03:27:12,False
https://www.youtube.com/channel/UCl9njYV9OgdE1IOqVlfs44w,"Mitsui & Co., Ltd.¬†Official „Éº ‰∏â‰∫ïÁâ©Áî£Ê†™Âºè‰ºöÁ§æ ÂÖ¨Âºè„ÉÅ„É£„É≥„Éç„É´",UCl9njYV9OgdE1IOqVlfs44w,238000,230000,8000,3.4783,2025-10-29 03:27:14,False
https://www.youtube.com/channel/UCs0vvQEfX_fTHwsvcb6roaQ,Megumi Tanno Official Channel„ÄîÊØéÈÄ±ÈáëÊõú17ÊôÇÊõ¥Êñ∞„Äï,UCs0vvQEfX_fTHwsvcb6roaQ,88000,84900,3100,3.6514,2025-10-29 03:27:15,False
https://www.youtube.com/channel/UCkYQc5CYxYyyMrn0i-uQyXw,„Ç≥„É≥„Éó„Çµ„Ç¶„É´„Çπ,UCkYQc5CYxYyyMrn0i-uQyXw,112000,108000,4000,3.7037,2025-10-29 03:27:16,False
https://www.youtube.com/channel/UCySzybC_k3bnlZ1fEGERIiA,„Åæ„Åï„ÅçÊùëÈï∑,UCySzybC_k3bnlZ1fEGERIiA,12800,12600,200,1.5873,2025-10-29 03:27:18,False
https://www.youtube.com/channel/UCRovxLKZEWtDx8jzoDSeeuA,LewisLIVE„ÉÑ,UCRovxLKZEWtDx8jzoDSeeuA,41200,37000,4200,11.3514,2025-10-29 03:27:19,False
https://www.youtube.com/channel/UCJ1xfhiJWSsdZaH9IstBImg,‰ΩêÁî∞ÂøóÊ≠©„ÅÆ„Éê„É™„Éê„É™‰ºùË™¨,UCJ1xfhiJWSsdZaH9IstBImg,67000,65300,1700,2.6034,2025-10-29 03:27:20,False
https://www.youtube.com/channel/UCYCJtL5PP64m4xSL27N-cJw,Ï£ºÏãùÏû•Ïù∏,UCYCJtL5PP64m4xSL27N-cJw,141000,138000,3000,2.1739,2025-10-29 03:27:21,False
https://www.youtube.com/channel/UChhW7Zqei3FKzqRfsvyKdyQ,Enjoy London Love,UChhW7Zqei3FKzqRfsvyKdyQ,50100,49800,300,0.6024,2025-10-29 03:27:23,False
https://www.youtube.com/channel/UCmz-eukcvHFUQGJKwyB39SA,James Chewbonic,UCmz-eukcvHFUQGJKwyB39SA,114000,111000,3000,2.7027,2025-10-29 03:27:24,False
https://www.youtube.com/channel/UCy94fGX_W5ovbC2LU6jmbTQ,Build it with Bricks,UCy94fGX_W5ovbC2LU6jmbTQ,175000,172000,3000,1.7442,2025-10-29 03:27:25,False
https://www.youtube.com/channel/UC170uXZYD0opnYVsq4kUm4g,InsightBlox,UC170uXZYD0opnYVsq4kUm4g,112000,110000,2000,1.8182,2025-10-29 03:27:27,False
https://www.youtube.com/channel/UCGLGIvPklf1uktKNU8ZCCng,Pastor George Izunwa,UCGLGIvPklf1uktKNU8ZCCng,42200,42200,0,0.0,2025-10-29 03:27:28,False
https://www.youtube.com/channel/UCoNqAy4Tfb5ZbERF8Y227OA,SalamMedia | Uzbek,UCoNqAy4Tfb5ZbERF8Y227OA,60200,56900,3300,5.7996,2025-10-29 03:27:29,False
https://www.youtube.com/channel/UCa227rg5lRwjM45CxcRDdfQ,ÏïÑÏù¥Îì§ÏùÄ Ïû¨ÎØ∏ÏûàÎã§,UCa227rg5lRwjM45CxcRDdfQ,63300,60800,2500,4.1118,2025-10-29 03:27:30,False
https://www.youtube.com/channel/UCg_RtIzUUErAsKhyxi7oR1w,7us media group,UCg_RtIzUUErAsKhyxi7oR1w,22600,19700,2900,14.7208,2025-10-29 03:27:32,False
https://www.youtube.com/channel/UCTWp8QYQB3A_W7w1gU3jnvw,Petro kocht Fleisch,UCTWp8QYQB3A_W7w1gU3jnvw,67000,65200,1800,2.7607,2025-10-29 03:27:33,False
https://www.youtube.com/channel/UCSTAsRH85wPdUHYeBNDaf7A,Zoufry,UCSTAsRH85wPdUHYeBNDaf7A,81800,76000,5800,7.6316,2025-10-29 03:27:34,False
https://www.youtube.com/channel/UCXCvAMlydAPB7kdnFjzDzUQ,FORT TV,UCXCvAMlydAPB7kdnFjzDzUQ,31100,30200,900,2.9801,2025-10-29 03:27:36,False
https://www.youtube.com/channel/UCiSEtk1Jxb_uCXzodBg4PMA,Electropop I.A,UCiSEtk1Jxb_uCXzodBg4PMA,53200,51900,1300,2.5048,2025-10-29 03:27:37,False
https://www.youtube.com/channel/UCVVTthHLGBuNeKf5z6jGV2A,Blackfiles,UCVVTthHLGBuNeKf5z6jGV2A,124000,118000,6000,5.0847,2025-10-29 03:27:38,False
https://www.youtube.com/channel/UCyaidPGzHDEhrmMkZ-qJ7qg,ŒëŒùŒùŒë MARY PADRES EXPERTOS,UCyaidPGzHDEhrmMkZ-qJ7qg,96400,93300,3100,3.3226,2025-10-29 03:27:39,False
https://www.youtube.com/channel/UCKC9yb4dAjRV4MvMQxPSLZg,myrosticceria,UCKC9yb4dAjRV4MvMQxPSLZg,87700,67700,20000,29.5421,2025-10-29 03:27:41,False
https://www.youtube.com/channel/UCHa1d-03y-Uu0OunATBcq3w,Zigzag World,UCHa1d-03y-Uu0OunATBcq3w,265000,247000,18000,7.2874,2025-10-29 03:27:42,False
https://www.youtube.com/channel/UC78uhGDgNCxFNUfKCTC_TEw,THE INTERNATIONAL YACHTING MEDIA,UC78uhGDgNCxFNUfKCTC_TEw,141000,136000,5000,3.6765,2025-10-29 03:27:43,False
https://www.youtube.com/channel/UC3L_f2RwlldRF7Un2DYeJAQ,Oddity Islands,UC3L_f2RwlldRF7Un2DYeJAQ,38600,37500,1100,2.9333,2025-10-29 03:27:44,False
https://www.youtube.com/channel/UCLhUsSXfB6Xd4XBEtsVKbgg,KUMBATI SPORTS TV,UCLhUsSXfB6Xd4XBEtsVKbgg,41600,41500,100,0.241,2025-10-29 03:27:46,False
https://www.youtube.com/channel/UCWyi9UXBqLmQMRdYzAxPFrA,Kaalaman na hinog,UCWyi9UXBqLmQMRdYzAxPFrA,55500,53700,1800,3.352,2025-10-29 03:27:47,False
https://www.youtube.com/channel/UCKjAhpeVJTl-Gx3244q7xxg,Clip girl comedy funny 3,UCKjAhpeVJTl-Gx3244q7xxg,223000,212000,11000,5.1887,2025-10-29 03:27:48,False
https://www.youtube.com/channel/UCTbq70QGNeeEX280005M7DA,Pluck Your Star,UCTbq70QGNeeEX280005M7DA,185000,178000,7000,3.9326,2025-10-29 03:27:50,False
https://www.youtube.com/channel/UCjORBhqkEHr8oBHz7S1FzEA,MGI BEYOND,UCjORBhqkEHr8oBHz7S1FzEA,123000,121000,2000,1.6529,2025-10-29 03:27:51,False
https://www.youtube.com/channel/UC9cEcTW5GsvwUcyvPh4Q5VA,‡πÅ‡∏™‡∏á‡∏ò‡∏£‡∏£‡∏°‡∏ô‡∏≥‡∏ä‡∏µ‡∏ß‡∏¥‡∏ï (Sang Tham Nam Chee Wit),UC9cEcTW5GsvwUcyvPh4Q5VA,110000,109000,1000,0.9174,2025-10-29 03:27:52,False
https://www.youtube.com/channel/UC247Fi1BtjfvurRjMX1J48Q,CS1.6 Thailand,UC247Fi1BtjfvurRjMX1J48Q,117000,114000,3000,2.6316,2025-10-29 03:27:53,False
https://www.youtube.com/channel/UC2z4GxyHz4Dn14kUdVDNU1g,Multi DO GIRLS Thai,UC2z4GxyHz4Dn14kUdVDNU1g,138000,134000,4000,2.9851,2025-10-29 03:27:55,False
https://www.youtube.com/channel/UChrJrsgl1oHFcbiNFFQEwDQ,·Ä°·Äô·Ä±·ÄÄ·Ä≠·ÄØ·ÄÅ·Äª·ÄÖ·Ä∫·Äû·Ä±·Ä¨,UChrJrsgl1oHFcbiNFFQEwDQ,51900,50500,1400,2.7723,2025-10-29 03:27:56,False
https://www.youtube.com/channel/UCP-nBE6OsGIy1Orl-52qGZg,RomancePop ‡∏•‡∏∞‡∏Ñ‡∏£‡∏û‡∏≤‡∏Å‡∏¢‡πå‡πÑ‡∏ó‡∏¢,UCP-nBE6OsGIy1Orl-52qGZg,73400,67600,5800,8.5799,2025-10-29 03:27:57,False
https://www.youtube.com/channel/UCWbEUy429vt1bWl7OgjTcDQ,Aker Kartal,UCWbEUy429vt1bWl7OgjTcDQ,276000,270000,6000,2.2222,2025-10-29 03:27:59,False
https://www.youtube.com/channel/UCxoJ2M4UvXu1UvsXsU-hXLA,Í∑∏Î¶∞ ÌÖêÌä∏,UCxoJ2M4UvXu1UvsXsU-hXLA,126000,122000,4000,3.2787,2025-10-29 03:28:00,False
https://www.youtube.com/channel/UCIW5m_ApXyTDRlnPij-d85A,G√∂khan Vlog,UCIW5m_ApXyTDRlnPij-d85A,208000,200000,8000,4.0,2025-10-29 03:28:01,False
https://www.youtube.com/channel/UCcMt-FLQ8JFtQEnhwn5KTpw,DroverQ Plus,UCcMt-FLQ8JFtQEnhwn5KTpw,54600,53300,1300,2.439,2025-10-29 03:28:02,False
https://www.youtube.com/channel/UCgzoYKvzdAdGhBGICEplXpg,Multi DO GIRLS Polish,UCgzoYKvzdAdGhBGICEplXpg,46800,45100,1700,3.7694,2025-10-29 03:28:04,False
https://www.youtube.com/channel/UC7OutAmFwF1lYArr_WzR_Ng,RufiBlox,UC7OutAmFwF1lYArr_WzR_Ng,123000,120000,3000,2.5,2025-10-29 03:28:05,False
https://www.youtube.com/channel/UCWV9sKG380WytFZy5_EsjgA,Rosario La Ciudad Media,UCWV9sKG380WytFZy5_EsjgA,18400,17700,700,3.9548,2025-10-29 03:28:06,False
https://www.youtube.com/channel/UCTccEhl4gy3EvGkn_h5yhZA,MelonBlox,UCTccEhl4gy3EvGkn_h5yhZA,77800,75000,2800,3.7333,2025-10-29 03:28:08,False
https://www.youtube.com/channel/UCrF6KjjVIS62mcIpnRVzF6Q,JumpCut Film,UCrF6KjjVIS62mcIpnRVzF6Q,80100,76400,3700,4.8429,2025-10-29 03:28:09,False
https://www.youtube.com/channel/UCANyv7pwfuN1Y7jITXJOeyw,Garik Garik(–∞–≤—Ç–æ—Ä –ø–µ—Å–µ–Ω),UCANyv7pwfuN1Y7jITXJOeyw,44100,42200,1900,4.5024,2025-10-29 03:28:10,False
https://www.youtube.com/channel/UCOwl8s4UuCphZEkQg6Yw_Dg,Lumizap,UCOwl8s4UuCphZEkQg6Yw_Dg,26900,25900,1000,3.861,2025-10-29 03:28:11,False
https://www.youtube.com/channel/UCu4ZmEtucTiQ6R4l1R5ckrg,swedes on the road,UCu4ZmEtucTiQ6R4l1R5ckrg,27500,27500,0,0.0,2025-10-29 03:28:13,False
https://www.youtube.com/channel/UCuIlvMFP-c7gLm_fAWQADMA,Elias Klingvall,UCuIlvMFP-c7gLm_fAWQADMA,30000,30000,0,0.0,2025-10-29 03:28:14,False
https://www.youtube.com/channel/UCHKT1lPuZlV43wutrVeVU1g,Parody Cuts,UCHKT1lPuZlV43wutrVeVU1g,33700,32600,1100,3.3742,2025-10-29 03:28:15,False
https://www.youtube.com/channel/UC3dtwT4gyrs01_C8R70q_1g,June Online,UC3dtwT4gyrs01_C8R70q_1g,154000,151000,3000,1.9868,2025-10-29 03:28:17,False
https://www.youtube.com/channel/UCYtSuF5wHAIvVFDr6JTxrmg,Team Bullet Offroad ,UCYtSuF5wHAIvVFDr6JTxrmg,103000,99500,3500,3.5176,2025-10-29 03:28:18,False
https://www.youtube.com/channel/UCeVQlk4BS29AW2UouY1U6Nw,Ryley LIVE,UCeVQlk4BS29AW2UouY1U6Nw,286000,280000,6000,2.1429,2025-10-29 03:28:19,False
https://www.youtube.com/channel/UC0h4tQZ8hM4DxW6PN47sF6A,Travel Fun 69,UC0h4tQZ8hM4DxW6PN47sF6A,101000,101000,0,0.0,2025-10-29 03:28:20,False
https://www.youtube.com/channel/UCMoarc4WZD_OhSDz0uBw0qA,Sir Trill,UCMoarc4WZD_OhSDz0uBw0qA,61600,61200,400,0.6536,2025-10-29 03:28:22,False
https://www.youtube.com/channel/UCk51TzVLUGzsSIqVW1yWlbQ,Multi DO Joy Malay,UCk51TzVLUGzsSIqVW1yWlbQ,131000,126000,5000,3.9683,2025-10-29 03:28:23,False
https://www.youtube.com/channel/UCG-mqoGLE8B7zugJl88DUTA,Pendek Legendaris Drama,UCG-mqoGLE8B7zugJl88DUTA,68400,66300,2100,3.1674,2025-10-29 03:28:24,False
https://www.youtube.com/channel/UCD83OXKPizLA9hRZDWsNMgw,Mama Cat Story,UCD83OXKPizLA9hRZDWsNMgw,127000,125000,2000,1.6,2025-10-29 03:28:26,False
https://www.youtube.com/channel/UCJl3FMFdwTHD2Cffjf25YWA,zhaozhaoË∂ÖÊÑõÂêÉÊèêÊãâÁ±≥Ëòá,UCJl3FMFdwTHD2Cffjf25YWA,25200,24100,1100,4.5643,2025-10-29 03:28:27,False
https://www.youtube.com/channel/UC_93TlkgBpVgF3x0TqpFvUQ,A≈ük Aƒülatƒ±r - ÿßŸÑÿ≠ÿ® Ÿäÿ¨ÿπŸÑŸÜÿß ŸÜÿ®ŸÉŸä,UC_93TlkgBpVgF3x0TqpFvUQ,115000,110000,5000,4.5455,2025-10-29 03:28:28,False
https://www.youtube.com/channel/UC51wau5bSClSKFJUjsE72vA,Nelion Chicken Gun,UC51wau5bSClSKFJUjsE72vA,23500,20400,3100,15.1961,2025-10-29 03:28:29,False
https://www.youtube.com/channel/UC5mGjgnUYy-OlbYTW_QiWrw,Farouk Mahmoud -ÿπÿ±ÿ®Ÿäÿ≥ÿ™ÿß,UC5mGjgnUYy-OlbYTW_QiWrw,196000,194000,2000,1.0309,2025-10-29 03:28:31,False
https://www.youtube.com/channel/UCgIpdr68HFdSCLQDQ4wjgMA,Kartona | ŸÉÿßÿ±ÿ™ŸàŸÜŸá,UCgIpdr68HFdSCLQDQ4wjgMA,278000,271000,7000,2.583,2025-10-29 03:28:32,False
https://www.youtube.com/channel/UCYMeSSkDtmU5Jd0HRageCig,ŸÖŸÜÿµŸàÿ± ÿ≤ŸÜÿßÿØ,UCYMeSSkDtmU5Jd0HRageCig,112000,106000,6000,5.6604,2025-10-29 03:28:33,False
https://www.youtube.com/channel/UCQwT27IXqizNybNL3ShB51w,Lofi Music,UCQwT27IXqizNybNL3ShB51w,85600,82300,3300,4.0097,2025-10-29 03:28:35,False
https://www.youtube.com/channel/UCl7Ec2zFzRSpKKhVAOdMiaw,m99rocks,UCl7Ec2zFzRSpKKhVAOdMiaw,82900,82899,1,0.0012,2025-10-29 03:28:36,False
https://www.youtube.com/channel/UCM5ty1FcwooEgE8ED_RMT-w,Play With Crystal,UCM5ty1FcwooEgE8ED_RMT-w,68800,55599,13201,23.7432,2025-10-29 03:28:37,False
https://www.youtube.com/channel/UC-Xbzzew93zhDldDMLXHUaw,Chef Enzo Neto,UC-Xbzzew93zhDldDMLXHUaw,106000,106000,0,0.0,2025-10-29 03:28:38,False
https://www.youtube.com/channel/UCnnF4kKewEhQzm7w3W0FihQ,WhaleToonsBR,UCnnF4kKewEhQzm7w3W0FihQ,126000,124000,2000,1.6129,2025-10-29 03:28:40,False
https://www.youtube.com/channel/UCEWldfa8aX5Dpn4QzJ_DPkw,Danesh Ali,UCEWldfa8aX5Dpn4QzJ_DPkw,46800,46800,0,0.0,2025-10-29 03:28:41,False
https://www.youtube.com/channel/UCkTPl59my0Xcppi9-0SyWUg,THE CREATIVE SALIYA VLOG,UCkTPl59my0Xcppi9-0SyWUg,147000,134000,13000,9.7015,2025-10-29 03:28:42,False
https://www.youtube.com/channel/UC1Ft7-lEd_bz1IQbES4yT5w,HotSpanishreal,UC1Ft7-lEd_bz1IQbES4yT5w,40100,39700,400,1.0076,2025-10-29 03:28:43,False
https://www.youtube.com/channel/UCr6IMpuXSS1XDFYh8wgsOqg,Historias de amor y vida,UCr6IMpuXSS1XDFYh8wgsOqg,31000,30400,600,1.9737,2025-10-29 03:28:45,False
https://www.youtube.com/channel/UCxtGe9mRTjabQjwvmhqc5nw,„ÅÇ„ÇÄÂãüÈõÜ„ÄêÊ≠£ÂºèÊ±∫ÂÆö„Äë,UCxtGe9mRTjabQjwvmhqc5nw,34300,34300,0,0.0,2025-10-29 03:28:46,False
https://www.youtube.com/channel/UC_MbGNpd7ldQAHdBTQ2Ke1w,„Éè„É†„Ç∑„Éß„Éº„ÅÆ„É°„Ç∏„É£„ÉºÂÆüÊ≥Åch,UC_MbGNpd7ldQAHdBTQ2Ke1w,235000,233000,2000,0.8584,2025-10-29 03:28:47,False
https://www.youtube.com/channel/UCC8ZZ1HH-LAGUYHI7QQBTow,‰∏≠Âè§Ëªä„Éá„Ç£„Éº„É©„ÉºOL„ÅÇ„ÅÑ,UCC8ZZ1HH-LAGUYHI7QQBTow,119000,117000,2000,1.7094,2025-10-29 03:28:49,False
https://www.youtube.com/channel/UC4IMXIZ-7yyra4G5mc6pdNw,„Éá„ÇØ„ÅÆËªä‰∏≠Ê≥äÁîüÊ¥ª ~„Éõ„Éº„É†„É¨„ÇπËÑ±Âç¥„Å∏„ÅÆÈÅì„ÅÆ„Çä~,UC4IMXIZ-7yyra4G5mc6pdNw,84400,82899,1501,1.8106,2025-10-29 03:28:50,False
https://www.youtube.com/channel/UCCVtmC1XwIOREVGQMLG8PfQ,‰∏ÄÁï™Èù¢ÁôΩ„ÅÑÊîøÊ≤ªËß£Ë™¨„ÄêÁÑ°Êïµ„Åä„Å¢„Åï„Çì„Äë,UCCVtmC1XwIOREVGQMLG8PfQ,113000,112000,1000,0.8929,2025-10-29 03:28:51,False
https://www.youtube.com/channel/UCx9yRTjbPuS1ZA1Hxdsxj4A,ÂØß„ÄÖ‰∏∏,UCx9yRTjbPuS1ZA1Hxdsxj4A,114000,114000,0,0.0,2025-10-29 03:28:52,False
https://www.youtube.com/channel/UC4Ub-Y_yj43aouqFbA7PwhQ,„Åä„Éº„Å°„ÇÉ„Çì„ÄêÂÖÉÂ§ñÈäÄ„Éû„É≥„Äë,UC4Ub-Y_yj43aouqFbA7PwhQ,16800,16200,600,3.7037,2025-10-29 03:28:54,False
https://www.youtube.com/channel/UC-l9Ho0Ais027rddBtROpBQ,Paraph „Éë„É©„Éï,UC-l9Ho0Ais027rddBtROpBQ,32200,31900,300,0.9404,2025-10-29 03:28:55,False
https://www.youtube.com/channel/UCcc2J4C_olvTbB8YLNh-LVQ,Ïù¥Îü∞~ÏãùÎπµ,UCcc2J4C_olvTbB8YLNh-LVQ,10700,10800,-100,-0.9259,2025-10-29 03:28:56,False
https://www.youtube.com/channel/UC54gGsj7Z_EZUvjCRy8Ctog,ÏÑ∏Í≥ÑÎ°ú Îñ†ÎÇòÎäî ÏòõÏù¥ÏïºÍ∏∞,UC54gGsj7Z_EZUvjCRy8Ctog,55000,0,0,0.0,2025-10-29 01:47:20,False
https://www.youtube.com/channel/UCt9m3iBPn0e0z0B_t-Va7sw,ÎØ∏ÌÇ§ÌîºÎîîÏïÑ,UCt9m3iBPn0e0z0B_t-Va7sw,243000,243000,0,0.0,2025-10-29 03:29:06,False
https://www.youtube.com/channel/UCuQe2i7pxPequLYKXBrPlMA,Ï£ºÎ¶ÑÏû°ÎäîÏùòÏÇ¨ Ïù¥Ïû¨Ïö¥,UCuQe2i7pxPequLYKXBrPlMA,166000,165000,1000,0.6061,2025-10-29 03:29:07,False
https://www.youtube.com/channel/UCiUS8DMPe7jj-gGeXwrTnSw,Íº¨Î•¥Íπù,UCiUS8DMPe7jj-gGeXwrTnSw,18100,17800,300,1.6854,2025-10-29 03:29:08,False
https://www.youtube.com/channel/UC9A58qWVHbHBv5uocemzTBQ,Î°úÏ¶àÌÇ¥,UC9A58qWVHbHBv5uocemzTBQ,58500,57699,801,1.3882,2025-10-29 03:29:10,False
https://www.youtube.com/channel/UCPt7Obs5XB16IzmcL1bQhbg,Baller League UK,UCPt7Obs5XB16IzmcL1bQhbg,215000,213000,2000,0.939,2025-10-29 03:29:11,False
https://www.youtube.com/channel/UCDyfefEUY1k1kRJ1HdTCjJw,PURPLEFLOWER TV,UCDyfefEUY1k1kRJ1HdTCjJw,282000,277000,5000,1.8051,2025-10-29 03:29:12,False
https://www.youtube.com/channel/UCPJ4MHBwRVAtATykjXrEElQ,The Outspoken Engineer ,UCPJ4MHBwRVAtATykjXrEElQ,90800,89200,1600,1.7937,2025-10-29 03:29:14,False
https://www.youtube.com/channel/UCjB0EilrSdh-M59EJ3uBixw,Chris Slix The 2nd,UCjB0EilrSdh-M59EJ3uBixw,83400,81800,1600,1.956,2025-10-29 03:29:15,False
https://www.youtube.com/channel/UCxuYP5HD1E7oV6m38Grk95A,Peri Emoji,UCxuYP5HD1E7oV6m38Grk95A,38800,35400,3400,9.6045,2025-10-29 03:29:16,False
https://www.youtube.com/channel/UC5N76uu8XIoms0HNbTG94aQ,–ñ–∞“≥–æ–Ω–≥–∏—Ä –¢—û–ª–∞–≥–∞–Ω–æ–≤,UC5N76uu8XIoms0HNbTG94aQ,117000,113000,4000,3.5398,2025-10-29 03:29:17,False
https://www.youtube.com/channel/UCbVcuRFrFof_fHjOzqkW-4w,Heiko CastCrafter,UCbVcuRFrFof_fHjOzqkW-4w,93800,91199,2601,2.852,2025-10-29 03:29:19,False
https://www.youtube.com/channel/UCqt0ELz3ru5M0xvNBhKTBhw,Viva Colonia Travel Vlog üá©üá™,UCqt0ELz3ru5M0xvNBhKTBhw,131000,129000,2000,1.5504,2025-10-29 03:29:20,False
https://www.youtube.com/channel/UCs4DVHb5rfGGz0ENmZbGucw,ùîêùîûùî£ùî¶ùî¨ùî∞ùî¨ ùîâùî¶ùî¨ùîØùî¨,UCs4DVHb5rfGGz0ENmZbGucw,16400,16500,-100,-0.6061,2025-10-29 03:29:21,False
https://www.youtube.com/channel/UCQreuB1mK_lYAqBkH_Y62iA,TD Entertainment,UCQreuB1mK_lYAqBkH_Y62iA,79200,78600,600,0.7634,2025-10-29 03:29:22,False
https://www.youtube.com/channel/UCXGbTovwJW1AeaP2VOowYhA,Weise Worte by {ungeskriptet},UCXGbTovwJW1AeaP2VOowYhA,43200,42400,800,1.8868,2025-10-29 03:29:24,False
https://www.youtube.com/channel/UC71KBjTx2nIxnG9n1GtWa_Q,Talk with Mimi Mefo,UC71KBjTx2nIxnG9n1GtWa_Q,18800,18400,400,2.1739,2025-10-29 03:29:25,False
https://www.youtube.com/channel/UCz8Gh9gKLWhlxR5OPqtukOg,MomoBlox,UCz8Gh9gKLWhlxR5OPqtukOg,231000,231000,0,0.0,2025-10-29 03:29:26,False
https://www.youtube.com/channel/UCOWu-2h4IpoEjhsRlTuesFg,Renaud D√©kode,UCOWu-2h4IpoEjhsRlTuesFg,58300,58300,0,0.0,2025-10-29 03:29:28,False
https://www.youtube.com/channel/UCFeq-_VtHRUf1p-hM2BxphA,Drame Twist,UCFeq-_VtHRUf1p-hM2BxphA,72600,71400,1200,1.6807,2025-10-29 03:29:29,False
https://www.youtube.com/channel/UC2ijw0U2wV168nLfdxgzmEA,PLAN√àTE INFO,UC2ijw0U2wV168nLfdxgzmEA,30400,30400,0,0.0,2025-10-29 03:29:30,False
https://www.youtube.com/channel/UCiXofl0riSBN-lL0HW_Xt8w,Carlo Mara√±on,UCiXofl0riSBN-lL0HW_Xt8w,179000,177000,2000,1.1299,2025-10-29 03:29:31,False
https://www.youtube.com/channel/UCsDXXCoXaS-wO1Wnnt_LM3A,CenteIA,UCsDXXCoXaS-wO1Wnnt_LM3A,63600,62600,1000,1.5974,2025-10-29 03:29:33,False
https://www.youtube.com/channel/UC_OtUJpqGFTiO2NUIoaGJAw,Pink Pixel TV,UC_OtUJpqGFTiO2NUIoaGJAw,27800,25900,1900,7.3359,2025-10-29 03:29:34,False
https://www.youtube.com/channel/UCOplTqtDCejXTj3LY0wjWog,Giovi,UCOplTqtDCejXTj3LY0wjWog,63500,62800,700,1.1146,2025-10-29 03:29:35,False
https://www.youtube.com/channel/UCRCfLEOqxPpNHZkiMNSdVDQ,GymBeam IT,UCRCfLEOqxPpNHZkiMNSdVDQ,41100,41100,0,0.0,2025-10-29 03:29:37,False
https://www.youtube.com/channel/UC5nobuNdkQug35-TMVlgeSA,Il Messaggero,UC5nobuNdkQug35-TMVlgeSA,24800,24600,200,0.813,2025-10-29 03:29:38,False
https://www.youtube.com/channel/UCdGNSBvx2VvpWcqlMNHDKRA,VAREL_CPL,UCdGNSBvx2VvpWcqlMNHDKRA,130000,126000,4000,3.1746,2025-10-29 03:29:39,False
https://www.youtube.com/channel/UCF_A7HbCiWA46ozew6wjqEg,Onesukuu,UCF_A7HbCiWA46ozew6wjqEg,115000,115000,0,0.0,2025-10-29 03:29:40,False
https://www.youtube.com/channel/UCNU0o8uQ3SAiaaOL8su4Ojg,Jeffrey Santos TV,UCNU0o8uQ3SAiaaOL8su4Ojg,11300,11299,1,0.0089,2025-10-29 03:29:42,False
https://www.youtube.com/channel/UCGy6ksO0134pm7moWPKpHXg,Cinema Bravo,UCGy6ksO0134pm7moWPKpHXg,64100,64000,100,0.1562,2025-10-29 03:29:43,False
https://www.youtube.com/channel/UCvVECF58wTXI2Nf6xxRQOPg,Dravex,UCvVECF58wTXI2Nf6xxRQOPg,15200,15200,0,0.0,2025-10-29 03:29:44,False
https://www.youtube.com/channel/UCCdwRIEEjfJsRfqN_uiYuIg,LoveBubble ‡∏•‡∏∞‡∏Ñ‡∏£‡∏™‡∏±‡πâ‡∏ô‡∏û‡∏≤‡∏Å‡∏¢‡πå‡πÑ‡∏ó‡∏¢,UCCdwRIEEjfJsRfqN_uiYuIg,39400,35700,3700,10.3641,2025-10-29 03:29:46,False
https://www.youtube.com/channel/UClDeCZVv0w_yN_kYA6lht7A,Drama Brite ‡∏•‡∏∞‡∏Ñ‡∏£‡∏™‡∏±‡πâ‡∏ô‡∏û‡∏≤‡∏Å‡∏¢‡πå‡πÑ‡∏ó‡∏¢,UClDeCZVv0w_yN_kYA6lht7A,36800,34100,2700,7.9179,2025-10-29 03:29:47,False
https://www.youtube.com/channel/UClW-2UmrRntPkKWS6iu40Cw,Tin Lin Aung - CDM Major ,UClW-2UmrRntPkKWS6iu40Cw,141000,141000,0,0.0,2025-10-29 03:29:48,False
https://www.youtube.com/channel/UCQgDlzeBm60etmgXi2VDGdA,Yangon Khit Thit,UCQgDlzeBm60etmgXi2VDGdA,108000,108000,0,0.0,2025-10-29 03:29:49,False
https://www.youtube.com/channel/UCi3ucETl6mbcyqOmjs6mVlQ,·ÄÄ·Ä≠·ÄØ·ÄÖ·Ää·Ä∫ (·Äû·Äê·ÄÑ·Ä∫·Ä∏·Äî·Äæ·ÄÑ·Ä∑·Ä∫·Ä°·Äë·ÄΩ·Ä±·Äë·ÄΩ·Ä±),UCi3ucETl6mbcyqOmjs6mVlQ,77400,77200,200,0.2591,2025-10-29 03:29:51,False
https://www.youtube.com/channel/UCNcxqUHyf_OI8Z2Fr0rnYdw,OP ADMIN,UCNcxqUHyf_OI8Z2Fr0rnYdw,25300,19400,5900,30.4124,2025-10-29 03:29:52,False
https://www.youtube.com/channel/UCHdD1zRQ_fTbBM7AY2_7g4w,Zihin Arenasƒ±,UCHdD1zRQ_fTbBM7AY2_7g4w,110000,110000,0,0.0,2025-10-29 03:29:53,False
https://www.youtube.com/channel/UCApzlug5NryVlKKF6Swjhkw,Cebrail Hocam,UCApzlug5NryVlKKF6Swjhkw,139000,138000,1000,0.7246,2025-10-29 03:29:55,False
https://www.youtube.com/channel/UCzAk9-TLCOgr85-Ab19d-Ow,MineKvky,UCzAk9-TLCOgr85-Ab19d-Ow,69000,0,0,0.0,2025-10-29 02:01:28,False
https://www.youtube.com/channel/UCnZehdve5wEqIxdiOajAP2Q,Bonjour Kaan,UCnZehdve5wEqIxdiOajAP2Q,17600,17400,200,1.1494,2025-10-29 03:30:04,False
https://www.youtube.com/channel/UCOd-NX2abcIaosXzbBXUoxw,D≈ªIN Z KOMIKIEM,UCOd-NX2abcIaosXzbBXUoxw,61800,59300,2500,4.2159,2025-10-29 03:30:05,False
https://www.youtube.com/channel/UC4mdhKZXjrKoq5aVG6juHEg,Carajo,UC4mdhKZXjrKoq5aVG6juHEg,290000,289000,1000,0.346,2025-10-29 03:30:06,False
https://www.youtube.com/channel/UCudutEljsV7KXQxBSR2_TzQ,Chico Coreano,UCudutEljsV7KXQxBSR2_TzQ,23100,22700,400,1.7621,2025-10-29 03:30:08,False
https://www.youtube.com/channel/UCYkgq5xkOCeCMah_i-2gANw,Wenda,UCYkgq5xkOCeCMah_i-2gANw,34800,33200,1600,4.8193,2025-10-29 03:30:09,False
https://www.youtube.com/channel/UCN4ddlUHmUMIcqPn6eOwitg,LA FECHA,UCN4ddlUHmUMIcqPn6eOwitg,57900,56100,1800,3.2086,2025-10-29 03:30:10,False
https://www.youtube.com/channel/UCBc-IS475Hphf9pHsrcVsKw,Un Caf√© con Kavan√° |  Sala Museo Jud√≠o Alem√°n,UCBc-IS475Hphf9pHsrcVsKw,30500,30200,300,0.9934,2025-10-29 03:30:12,False
https://www.youtube.com/channel/UCr0VV-iUwDLLNJHGxJd17Wg,Drakengargaming,UCr0VV-iUwDLLNJHGxJd17Wg,11800,11600,200,1.7241,2025-10-29 03:30:13,False
https://www.youtube.com/channel/UC01uhMYXwMie-y5hhG1UYPA,INDChile,UC01uhMYXwMie-y5hhG1UYPA,12700,12600,100,0.7937,2025-10-29 03:30:14,False
https://www.youtube.com/channel/UCYf8IyZacUvYe6o540_PDyw,Universo de Rooz,UCYf8IyZacUvYe6o540_PDyw,40200,40199,1,0.0025,2025-10-29 03:30:15,False
https://www.youtube.com/channel/UCQwxxtthjHU0KNYL3IpVS3A,Hanuun TV ,UCQwxxtthjHU0KNYL3IpVS3A,45600,45300,300,0.6623,2025-10-29 03:30:17,False
https://www.youtube.com/channel/UC98CG4NL_KRefSKmPeelc9g,Zenny,UC98CG4NL_KRefSKmPeelc9g,75800,74700,1100,1.4726,2025-10-29 03:30:18,False
https://www.youtube.com/channel/UCO-9Z0xOLeYMPERvE3Kn4XQ,VirtualVixens,UCO-9Z0xOLeYMPERvE3Kn4XQ,24800,24400,400,1.6393,2025-10-29 03:30:19,False
https://www.youtube.com/channel/UCknX1xTALNDYgMhk6ny4_Ag,Crtvweb,UCknX1xTALNDYgMhk6ny4_Ag,50900,50700,200,0.3945,2025-10-29 03:30:21,False
https://www.youtube.com/channel/UC21TsFtR6W0kyJ8DJqNhHbQ,·ä≠·â•·à® ·â∞·ãã·àÖ·ã∂ ·àö·ã≤·ã´ (Kibre Tewhado Media),UC21TsFtR6W0kyJ8DJqNhHbQ,32800,32800,0,0.0,2025-10-29 03:30:22,False
https://www.youtube.com/channel/UCILosp2PmBGOL0b9mnKPbYQ,Meet Gourmet,UCILosp2PmBGOL0b9mnKPbYQ,38100,38100,0,0.0,2025-10-29 03:30:23,False
https://www.youtube.com/channel/UCu5ebaNLv0QMVcFxhZPQpaQ,Bulka Asmr,UCu5ebaNLv0QMVcFxhZPQpaQ,33000,31100,1900,6.1093,2025-10-29 03:30:24,False
https://www.youtube.com/channel/UCSBKWjEsArclidGb8LPfmgQ,Sunny Asmr,UCSBKWjEsArclidGb8LPfmgQ,57500,54900,2600,4.7359,2025-10-29 03:30:26,False
https://www.youtube.com/channel/UCjFAK-znVG17_KNFCaLIRHg,Nay Sann Daily,UCjFAK-znVG17_KNFCaLIRHg,62000,61200,800,1.3072,2025-10-29 03:30:27,False
https://www.youtube.com/channel/UChbDtHHtnXcsYzppGdOE8zw,ŸÉŸàÿ™ÿ¥ ÿ±ŸäŸÅÿß | coach Refa ,UChbDtHHtnXcsYzppGdOE8zw,106000,106000,0,0.0,2025-10-29 03:30:28,False
https://www.youtube.com/channel/UCtPdiTVqTkg3t3PjQZqOaCA,Bald Guy Money,UCtPdiTVqTkg3t3PjQZqOaCA,93800,93500,300,0.3209,2025-10-29 03:30:30,False
https://www.youtube.com/channel/UC92N1ZNTHwP8ta_F8YkgVPw,ƒê·ª©c M·∫°nh Melody,UC92N1ZNTHwP8ta_F8YkgVPw,151000,151000,0,0.0,2025-10-29 03:30:31,False
https://www.youtube.com/channel/UC2Bsw-DtKHX9R81MUpjx57w,ÿØŸáÿ¥Ÿá ŸÖŸäŸàÿ≤ŸÉ,UC2Bsw-DtKHX9R81MUpjx57w,59200,53400,5800,10.8614,2025-10-29 03:30:32,False
https://www.youtube.com/channel/UC4zqQlJnNifahwJ6ln_WnzQ,Abdulbari l ŸÉÿßÿ®ÿ™ŸÜ ÿπÿ®ÿØÿßŸÑÿ®ÿßÿ±Ÿä,UC4zqQlJnNifahwJ6ln_WnzQ,59100,57900,1200,2.0725,2025-10-29 03:30:33,False
https://www.youtube.com/channel/UCbf3bfk_Sg945RciqGFkYjg,Ameer Roblox,UCbf3bfk_Sg945RciqGFkYjg,90100,90100,0,0.0,2025-10-29 03:30:35,False
https://www.youtube.com/channel/UC6ub40s8IhHoRgkkiHR--iw,karyn OTG,UC6ub40s8IhHoRgkkiHR--iw,128000,0,0,0,2025-10-30 01:39:15,False
https://www.youtube.com/channel/UCDaanX9jnSsDvaVxe6Zp2sg,BloxLoot Queen,UCDaanX9jnSsDvaVxe6Zp2sg,157000,0,0,0,2025-10-30 01:39:18,False
https://www.youtube.com/channel/UCHL5tzlLMldTb2HnRnGB4ng,Weise2,UCHL5tzlLMldTb2HnRnGB4ng,21700,0,0,0,2025-10-30 01:40:58,False
https://www.youtube.com/channel/UClLJKSUp_infCaGTRZ5a1cw,Presence & Path,UClLJKSUp_infCaGTRZ5a1cw,75100,0,0,0,2025-10-30 01:40:59,False
https://www.youtube.com/channel/UCXULpQFgZB8IMYVR2vsaGCQ,YuriRDev,UCXULpQFgZB8IMYVR2vsaGCQ,60900,0,0,0,2025-10-30 01:41:02,False
https://www.youtube.com/channel/UCwyPmLTwtXaUH6h6nuaU7Xw,Sonia Raifur Kos,UCwyPmLTwtXaUH6h6nuaU7Xw,43300,0,0,0,2025-10-30 01:41:05,False
https://www.youtube.com/channel/UCahLN-FxFVt8Q4CYRAw5Vaw,BLAZESHOT 99,UCahLN-FxFVt8Q4CYRAw5Vaw,148000,0,0,0,2025-10-30 01:41:36,False
https://www.youtube.com/channel/UCnizBMDUPT9Es_lDJk4sQVw,Slowki Tv,UCnizBMDUPT9Es_lDJk4sQVw,113000,0,0,0,2025-10-30 01:41:37,False
https://www.youtube.com/channel/UCAVwVnUPZxz_IuVnIGhJlnQ,BLOODLINE BATTLEGROUNDS,UCAVwVnUPZxz_IuVnIGhJlnQ,267000,0,0,0,2025-10-30 01:42:22,False
https://www.youtube.com/channel/UCpbKBUKYSwEgsrJ7UCGs-iQ,Drama Nocturno,UCpbKBUKYSwEgsrJ7UCGs-iQ,66600,0,0,0,2025-10-30 01:43:35,False
https://www.youtube.com/channel/UCpX-FywUyDm62QAgeziNhbA,Hoy Te Contar√©,UCpX-FywUyDm62QAgeziNhbA,59500,0,0,0,2025-10-30 01:44:24,False
https://www.youtube.com/channel/UCQhziQ8W0ZEewJIOWc0f-zw,Zooich.„Åö„Éº„ÅÑ„Å°,UCQhziQ8W0ZEewJIOWc0f-zw,113000,0,0,0,2025-10-30 01:45:04,False
https://www.youtube.com/channel/UC6hF-Jzgbbr2mHG-aah9tVg,Â§ßË∞∑„Éá„Ç≥„Éî„É≥,UC6hF-Jzgbbr2mHG-aah9tVg,78800,0,0,0,2025-10-30 01:45:10,False
https://www.youtube.com/channel/UCL9PYKYGmPnCnkXpECsfXSA,È†àÁî∞ÊÖé‰∏ÄÈÉé„ÅÆ„Ç¶„É©„Éâ„É™!,UCL9PYKYGmPnCnkXpECsfXSA,67200,0,0,0,2025-10-30 01:46:05,False
https://www.youtube.com/channel/UCJV_QOD5n-9AzrVGzZ_-mog,ÎßõÏ¢ãÏïÑÏó∞,UCJV_QOD5n-9AzrVGzZ_-mog,81000,0,0,0,2025-10-30 01:47:26,False
https://www.youtube.com/channel/UCf4zGm82PIQPd6rRbZGdT8g,Ï∂úÍ∑ºÍ∏∏ ÏÉÅÌïúÍ∞Ä,UCf4zGm82PIQPd6rRbZGdT8g,19500,0,0,0,2025-10-30 01:47:30,False
https://www.youtube.com/channel/UCCnkoO8v5K8B2_AUjbtKlYQ,ÏûêÏú†ÎåÄÌïô,UCCnkoO8v5K8B2_AUjbtKlYQ,123000,0,0,0,2025-10-30 01:48:12,False
https://www.youtube.com/channel/UCr1Y5qj1n1yRkHCYZNOZ-Og,ÎÖ∏ÎÖÑÌÉêÌóòÎåÄ,UCr1Y5qj1n1yRkHCYZNOZ-Og,32200,0,0,0,2025-10-30 01:48:17,False
https://www.youtube.com/channel/UCY7FsCZbY8qiiAMDKTyX28w,ÌïúÎ∞§Ïùò ÏÇ¨Ïó∞Î∞©,UCY7FsCZbY8qiiAMDKTyX28w,18300,0,0,0,2025-10-30 01:48:18,False
https://www.youtube.com/channel/UC0txF2R6T6ZPLCLMbGygm9g,Progressive Rock Visualisations by Michal Byrne,UC0txF2R6T6ZPLCLMbGygm9g,48200,0,0,0,2025-10-30 01:48:52,False
https://www.youtube.com/channel/UCfn38Gen7fZgkWN1yLUK6iw,Wonderblocks,UCfn38Gen7fZgkWN1yLUK6iw,253000,0,0,0,2025-10-30 01:49:10,False
https://www.youtube.com/channel/UCaKMwIivqIbw-VJ6tA3lp4A,Azul sports tv,UCaKMwIivqIbw-VJ6tA3lp4A,12400,0,0,0,2025-10-30 01:50:04,False
https://www.youtube.com/channel/UC91MCuTG8x1-rknOpamdRsA,GTA Nation,UC91MCuTG8x1-rknOpamdRsA,79800,0,0,0,2025-10-30 01:50:06,False
https://www.youtube.com/channel/UCGk7qVRnHF5rmMZvJXzj_Mw,BOSOLO TELEVISION OFFICIELLE,UCGk7qVRnHF5rmMZvJXzj_Mw,65600,0,0,0,2025-10-30 01:51:33,False
https://www.youtube.com/channel/UCVL9bduWTrmfjheHl1jdEag,hycat,UCVL9bduWTrmfjheHl1jdEag,12100,0,0,0,2025-10-30 01:51:40,False
https://www.youtube.com/channel/UCwXo0xkjoaWnDIQE-z2m4vg,Dj Rahim,UCwXo0xkjoaWnDIQE-z2m4vg,51800,0,0,0,2025-10-30 01:52:08,False
https://www.youtube.com/channel/UCEH-nzsZMraPlw2lUHIsx1A,Politik im Kopf,UCEH-nzsZMraPlw2lUHIsx1A,41400,0,0,0,2025-10-30 01:52:21,False
https://www.youtube.com/channel/UCgU90lGTUhVtkFS6p4sSUew,Tactical Adventures,UCgU90lGTUhVtkFS6p4sSUew,22599,0,0,0,2025-10-30 01:53:00,False
https://www.youtube.com/channel/UCbivtw-xTN5zIhOji_aUuKQ,YOUSKI,UCbivtw-xTN5zIhOji_aUuKQ,10900,0,0,0,2025-10-30 01:53:01,False
https://www.youtube.com/channel/UC9RqnWGripL5L3lxH-fEZjg,Believemy,UC9RqnWGripL5L3lxH-fEZjg,88300,0,0,0,2025-10-30 01:53:41,False
https://www.youtube.com/channel/UCUtxVFkuuSlSjypWz0sXxCQ,ùêíùêÆùêß&ùêëùêöùê¢ùêß | AI stories,UCUtxVFkuuSlSjypWz0sXxCQ,44600,0,0,0,2025-10-30 01:54:34,False
https://www.youtube.com/channel/UCat5HHQOI1e6zaKd43XL6jg,Historias de Emoci√≥n,UCat5HHQOI1e6zaKd43XL6jg,31100,0,0,0,2025-10-30 01:55:09,False
https://www.youtube.com/channel/UCPUDMxVR90n7b3rDAHVhsLA,BarryBloxxIT,UCPUDMxVR90n7b3rDAHVhsLA,29000,0,0,0,2025-10-30 01:55:43,False
https://www.youtube.com/channel/UCt_PEKk8hK0R_Q5-YeF1K4A,Dybala_CR,UCt_PEKk8hK0R_Q5-YeF1K4A,14200,0,0,0,2025-10-30 01:56:36,False
https://www.youtube.com/channel/UChTF7ruN24KzPVORolR6emA,The Dubbed Drama Club,UChTF7ruN24KzPVORolR6emA,115000,0,0,0,2025-10-30 01:58:30,False
https://www.youtube.com/channel/UC7JWMQZSzlUN6A9bVB4yPlw,RAPUNSELC88,UC7JWMQZSzlUN6A9bVB4yPlw,15700,0,0,0,2025-10-30 01:58:40,False
https://www.youtube.com/channel/UCk7oQcCagTr1tP3EDc4jqkg,U Zay Paing 2d3d ,UCk7oQcCagTr1tP3EDc4jqkg,129000,0,0,0,2025-10-30 01:59:29,False
https://www.youtube.com/channel/UCodfo00AiR6aZ6fLDYtYWOw,Ko Gyi Pauk,UCodfo00AiR6aZ6fLDYtYWOw,31000,0,0,0,2025-10-30 01:59:34,False
https://www.youtube.com/channel/UC8fuu7MDsrPIHI2CG-Jp0sw,2D Live Thuta Mg,UC8fuu7MDsrPIHI2CG-Jp0sw,116000,0,0,0,2025-10-30 01:59:52,False
https://www.youtube.com/channel/UC_HgGdhXrZIck4gtVVWNMhQ,P&P - MediaGroup ,UC_HgGdhXrZIck4gtVVWNMhQ,118000,0,0,0,2025-10-30 01:59:54,False
https://www.youtube.com/channel/UChkIBUKOHTjdKUVNdIiikHw,Mariusz Stankiewicz (LEGALNY VLOG),UChkIBUKOHTjdKUVNdIiikHw,40700,0,0,0,2025-10-30 02:02:41,False
https://www.youtube.com/channel/UC6Fc1j3--Jd-QRJ-XCBobNw,nekitael YT,UC6Fc1j3--Jd-QRJ-XCBobNw,47600,0,0,0,2025-10-30 02:03:31,False
https://www.youtube.com/channel/UC3PpyEvv5SsPVAcakM6UoXA,Piba Libertaria,UC3PpyEvv5SsPVAcakM6UoXA,35700,0,0,0,2025-10-30 02:03:57,False
https://www.youtube.com/channel/UC_zoUDUhUtQiJWi0AfD-wHQ,Stefany G,UC_zoUDUhUtQiJWi0AfD-wHQ,33500,0,0,0,2025-10-30 02:05:10,False
https://www.youtube.com/channel/UCzwIioU6tuXd6ngjk258odg,Estructura Naval,UCzwIioU6tuXd6ngjk258odg,34900,0,0,0,2025-10-30 02:07:15,False
https://www.youtube.com/channel/UCKmlhxiizBeOMIoktRJquOw,MireClips,UCKmlhxiizBeOMIoktRJquOw,30400,0,0,0,2025-10-30 02:07:24,False
https://www.youtube.com/channel/UCY_OLwJof_NCQ0h86Zob1fw,Ali Royer,UCY_OLwJof_NCQ0h86Zob1fw,21800,0,0,0,2025-10-30 02:07:29,False
https://www.youtube.com/channel/UCbSBCeDavUCJKOmP8Y6IJmQ,Scores Unstitched,UCbSBCeDavUCJKOmP8Y6IJmQ,33200,0,0,0,2025-10-30 02:08:23,False
https://www.youtube.com/channel/UCwEhsNfOZR_Wp2M7UBGidXw,Joshyy,UCwEhsNfOZR_Wp2M7UBGidXw,50100,0,0,0,2025-10-30 02:09:44,False
https://www.youtube.com/channel/UC3lGtFgfFPfQyHiPL_rWdcA,Karful,UC3lGtFgfFPfQyHiPL_rWdcA,218000,0,0,0,2025-10-30 02:10:18,False
https://www.youtube.com/channel/UCwY4EmYt9ZhbOBBrquYm1aA,6dog,UCwY4EmYt9ZhbOBBrquYm1aA,107000,0,0,0,2025-10-30 02:10:26,False
https://www.youtube.com/channel/UCTSDO15NbAV8fetoRqW44zg,The Silver Bachelor,UCTSDO15NbAV8fetoRqW44zg,73800,0,0,0,2025-10-30 02:10:32,False
https://www.youtube.com/channel/UCzDumXgj5FUEwV4MFsEtBng,Ashu Tube ·ä†·àπ ·â≤·ã©·â•,UCzDumXgj5FUEwV4MFsEtBng,33900,0,0,0,2025-10-30 02:10:37,False
https://www.youtube.com/channel/UCHJ-02TEGNS2GeD2wYetHSQ,Luke Maximo Bell,UCHJ-02TEGNS2GeD2wYetHSQ,134000,0,0,0,2025-10-30 02:11:03,False
https://www.youtube.com/channel/UCfQNhmNBhL7-aeOinH1GvoA,DOKOTELA NGCEKEZA,UCfQNhmNBhL7-aeOinH1GvoA,36500,0,0,0,2025-10-30 02:11:09,False
https://www.youtube.com/channel/UCcT6QOQ6eo9ro2cx7p3Lqug,Ms T.L.L Lechuti English (FAL&HL) lessons.,UCcT6QOQ6eo9ro2cx7p3Lqug,34400,0,0,0,2025-10-30 02:11:17,False
https://www.youtube.com/channel/UCVuIr-rWxioFaqVPr2FEuJw,2D Phoe Zaw,UCVuIr-rWxioFaqVPr2FEuJw,35100,0,0,0,2025-10-30 02:12:49,False
https://www.youtube.com/channel/UCIM3P9lOkseWIFwjCBkx1GQ,–°–µ–∫—Ä–µ—Ç—ã –ó–¥–æ—Ä–æ–≤—å—è –û—Ç –î–ú–ò–¢–†–ò–Ø,UCIM3P9lOkseWIFwjCBkx1GQ,109000,0,0,0,2025-10-30 02:13:31,False
https://www.youtube.com/channel/UCW-YIK5ix0czXd_OEp35wWg,ùíøüÖûjÃäÃ•ùöò,UCW-YIK5ix0czXd_OEp35wWg,100000,0,0,0,2025-10-30 02:15:26,False
