country,channel_id,channel_url,title,subscribers
TW,UC5k6H-7cDP-S3oKBamPiLOw,https://www.youtube.com/channel/UC5k6H-7cDP-S3oKBamPiLOw,Anxhela Galanaki,76200
TW,UCfxTG157xhYlmMC4uC12Lyg,https://www.youtube.com/channel/UCfxTG157xhYlmMC4uC12Lyg,Alma終於有頻道,179000
TW,UC6oFd5IofJACR-Zqk17ucPA,https://www.youtube.com/channel/UC6oFd5IofJACR-Zqk17ucPA,"Possmei International Co., Ltd.",252000
TW,UCiIDtFJkrt4BEbCeVVrOTpQ,https://www.youtube.com/channel/UCiIDtFJkrt4BEbCeVVrOTpQ,ChuangPlayer,164000
TW,UCFP6ce7CjScwbIRJHkFLJyw,https://www.youtube.com/channel/UCFP6ce7CjScwbIRJHkFLJyw,BaRaDa Gold Chinese,130000
TW,UCO_pOAsK8z_uZbGgw_rt6-w,https://www.youtube.com/channel/UCO_pOAsK8z_uZbGgw_rt6-w,凱基股股漲,61900
TW,UC-087572_Lcfu_D5OaFxgfw,https://www.youtube.com/channel/UC-087572_Lcfu_D5OaFxgfw,ChaBaQi,105000
TW,UC2bmksP9tKsLzE19ViXKbLg,https://www.youtube.com/channel/UC2bmksP9tKsLzE19ViXKbLg,中國國民黨KMT,28700
TW,UC-0tQXgsbdJMP7UNuQC40PQ,https://www.youtube.com/channel/UC-0tQXgsbdJMP7UNuQC40PQ,阿水看剧,71600
TW,UCm8jNHFPqPxPk3hKFiyKaeA,https://www.youtube.com/channel/UCm8jNHFPqPxPk3hKFiyKaeA,英語天天學,60700
TW,UCUy_MtFXl6lH5gdhfUKsu0A,https://www.youtube.com/channel/UCUy_MtFXl6lH5gdhfUKsu0A,錦泓翡翠,26300
TW,UCqn3Wf3i89R9xckRXiCGHfw,https://www.youtube.com/channel/UCqn3Wf3i89R9xckRXiCGHfw,現代佛陀正法 ,46400
TW,UC4MCzI00XWowZWdJwkm2tzg,https://www.youtube.com/channel/UC4MCzI00XWowZWdJwkm2tzg,玆心閣林家驊種生基,10700
TW,UCZ4_a1MaoeA_9BX8SeDOCbA,https://www.youtube.com/channel/UCZ4_a1MaoeA_9BX8SeDOCbA,理財彥究院 劉彥良,12800
TW,UC3KpAQyPsGzB2AbQGBWR-xw,https://www.youtube.com/channel/UC3KpAQyPsGzB2AbQGBWR-xw,微光傳媒,33400
TW,UCcInXP7gUTNcQOIFgE1kUIQ,https://www.youtube.com/channel/UCcInXP7gUTNcQOIFgE1kUIQ,啦啦fun生活 Shorts,19800
TW,UCHk6zN5pkdwM2fIsL4UCx0g,https://www.youtube.com/channel/UCHk6zN5pkdwM2fIsL4UCx0g,RaRa ASMR,13700
TW,UCeSlUc0pMY9c1sj0Qff0_Ow,https://www.youtube.com/channel/UCeSlUc0pMY9c1sj0Qff0_Ow,Jocelyn 華姐的 TastyTrip,41600
TW,UCx3z_Sd1tFDJc7ZWtGASQeA,https://www.youtube.com/channel/UCx3z_Sd1tFDJc7ZWtGASQeA,笑中乐,45100
TW,UC7dU2OlzedZkYckO8i1z8vw,https://www.youtube.com/channel/UC7dU2OlzedZkYckO8i1z8vw,小微盆景,10500
TW,UCa9EDy1Q1r4gtC-UuQ6wOCA,https://www.youtube.com/channel/UCa9EDy1Q1r4gtC-UuQ6wOCA,Ameliafit,14400
TW,UCgPtOkAPcDZWsFhNRf7Gi2A,https://www.youtube.com/channel/UCgPtOkAPcDZWsFhNRf7Gi2A,香香编织吧,15000
TW,UC09-0riRUqKsEJ0za_OBIig,https://www.youtube.com/channel/UC09-0riRUqKsEJ0za_OBIig,大軍,19400
TW,UCM7p_pFzeC2v2LXufrAWzVA,https://www.youtube.com/channel/UCM7p_pFzeC2v2LXufrAWzVA,我是子小静,19900
TW,UC4eRukS5y3V-Vfv8KTNrmog,https://www.youtube.com/channel/UC4eRukS5y3V-Vfv8KTNrmog,馨馨正能量,26800
TW,UCSfzaDNaHzOf5i9zAEJ0d6w,https://www.youtube.com/channel/UCSfzaDNaHzOf5i9zAEJ0d6w,醫師健康日記,22599
TW,UCL4GbRcz19Jz1tuCa5RCJqg,https://www.youtube.com/channel/UCL4GbRcz19Jz1tuCa5RCJqg,異鄉情深 Love,11100
TW,UCuSn8xHZ5hc2_qtou7lOqZw,https://www.youtube.com/channel/UCuSn8xHZ5hc2_qtou7lOqZw,星光短劇場,13300
TW,UCIK4dGNnFJVIMf1E_a6vVeQ,https://www.youtube.com/channel/UCIK4dGNnFJVIMf1E_a6vVeQ,好茶曼曼做,16700
TW,UCOh2vgSv4XH_TmVpGomA3og,https://www.youtube.com/channel/UCOh2vgSv4XH_TmVpGomA3og,天蕓茶茶 Ch. Mojoy Live,18500
TW,UCw0Ju7R1dBs4luK-rnVVO8w,https://www.youtube.com/channel/UCw0Ju7R1dBs4luK-rnVVO8w,微笑,20800
TW,UCWfyHNvWk-ObCGXdxI1Jy8w,https://www.youtube.com/channel/UCWfyHNvWk-ObCGXdxI1Jy8w,HJglobal-001,23000
TW,UCAZmTN7C3dZDdtArdcoDuAg,https://www.youtube.com/channel/UCAZmTN7C3dZDdtArdcoDuAg,Craftsman Blacksmith,29300
TW,UC7g4sToKexLhqBcoLLB3N6Q,https://www.youtube.com/channel/UC7g4sToKexLhqBcoLLB3N6Q,白嫖冷知识,33000
TW,UCNOnpf6DJA5aPoA83QzOGjw,https://www.youtube.com/channel/UCNOnpf6DJA5aPoA83QzOGjw,政客爽,10500
TW,UCeyCdgR06bwOvGldTlpEs7w,https://www.youtube.com/channel/UCeyCdgR06bwOvGldTlpEs7w,潮新闻,11399
TW,UCNv9Vf6Z0mvfTY4_dhOgTVg,https://www.youtube.com/channel/UCNv9Vf6Z0mvfTY4_dhOgTVg,小口丸子,12400
TW,UCNauaVYC-VEMamZrw6UuUrg,https://www.youtube.com/channel/UCNauaVYC-VEMamZrw6UuUrg,給你的心,12400
TW,UCbMnoJEkwNJNie0CtIEX0Cw,https://www.youtube.com/channel/UCbMnoJEkwNJNie0CtIEX0Cw,史人駕到,14100
TW,UCxeaKZVBewomsartDqbI4Gw,https://www.youtube.com/channel/UCxeaKZVBewomsartDqbI4Gw,就是諾亞亞noyaya,14100
TW,UC13UZim4yP3izY8PXBR54TA,https://www.youtube.com/channel/UC13UZim4yP3izY8PXBR54TA,东北姑娘菲菲,14400
TW,UCVouN9lNb9s5c_0XCauLtYg,https://www.youtube.com/channel/UCVouN9lNb9s5c_0XCauLtYg,配方师刘星,15000
TW,UCSfNFNRyH3zK0X7XyvoIoHQ,https://www.youtube.com/channel/UCSfNFNRyH3zK0X7XyvoIoHQ,超凡翡翠,15700
TW,UCI2yBA6FeEp2pJiRxAlbEdg,https://www.youtube.com/channel/UCI2yBA6FeEp2pJiRxAlbEdg,坎妮絲 Ch. Mojoy Live,19000
TW,UCPUICb1hiThksdV9BLcSUUg,https://www.youtube.com/channel/UCPUICb1hiThksdV9BLcSUUg,FW YuXiang,20200
TW,UCWJ8QiQrBjP2IVCb8jIv92g,https://www.youtube.com/channel/UCWJ8QiQrBjP2IVCb8jIv92g,陳勻勻☁️Mico,26900
TW,UC7X-V3kee7lppw0JQMExwrQ,https://www.youtube.com/channel/UC7X-V3kee7lppw0JQMExwrQ,噜噜猪,13799
TW,UCFusNJB7Akf86FYcH6mlLIg,https://www.youtube.com/channel/UCFusNJB7Akf86FYcH6mlLIg,沙漠一隻鳥,20299
TW,UCDbDeU-1GnuTFWRNaKTGxjw,https://www.youtube.com/channel/UCDbDeU-1GnuTFWRNaKTGxjw,酸甜苦辣,22799
TW,UC926ph7AoViSVXt0v-kgZ9A,https://www.youtube.com/channel/UC926ph7AoViSVXt0v-kgZ9A,天知道,11100
TW,UClV4yCp-rMyKIbLjqgwlSPw,https://www.youtube.com/channel/UClV4yCp-rMyKIbLjqgwlSPw,匠心工藝,12400
TW,UC6DXBlek2QNiA20RnfYQelg,https://www.youtube.com/channel/UC6DXBlek2QNiA20RnfYQelg,芊芊慢慢一條黑,12900
TW,UC8oyJ04fRKzVgbfXXISIyxQ,https://www.youtube.com/channel/UC8oyJ04fRKzVgbfXXISIyxQ,遇見音樂,14300
TW,UCfCxw2gv4kmhcAPKU1Iu8dg,https://www.youtube.com/channel/UCfCxw2gv4kmhcAPKU1Iu8dg,夢夢教父,15700
TW,UCOyUozYbz7t-7_Sc-PT3EJw,https://www.youtube.com/channel/UCOyUozYbz7t-7_Sc-PT3EJw,漢唐中醫,19200
TW,UCYMpVG9tjKydzOsQ4wR4-Fg,https://www.youtube.com/channel/UCYMpVG9tjKydzOsQ4wR4-Fg,刺客講動漫,19500
TW,UC5AAfLG3WUlhnWOy17La6ag,https://www.youtube.com/channel/UC5AAfLG3WUlhnWOy17La6ag,点点的穿搭日记,13799
TW,UC1Gvnh9rQ-_1n74_6AcS56w,https://www.youtube.com/channel/UC1Gvnh9rQ-_1n74_6AcS56w,刘大力带娃版,10200
TW,UCLbdUFB1vHhDeDsj5aRhDjg,https://www.youtube.com/channel/UCLbdUFB1vHhDeDsj5aRhDjg,好股之計在於晨,10300
TW,UCvBSFKbItV8rhi0-8GIF7JQ,https://www.youtube.com/channel/UCvBSFKbItV8rhi0-8GIF7JQ,熱愛Brothers是中信仰,10900
TW,UCZLJKDpPxQ1AdWvrDXJGf_A,https://www.youtube.com/channel/UCZLJKDpPxQ1AdWvrDXJGf_A,黑石財經溫建勳,11100
TW,UCxjtwkZ1e3Dlwzak5DQWjgA,https://www.youtube.com/channel/UCxjtwkZ1e3Dlwzak5DQWjgA,給約嗎? Blind Dating Show,11800
TW,UCCihwVNjWofvbtnfEf3D1DA,https://www.youtube.com/channel/UCCihwVNjWofvbtnfEf3D1DA,蜜罐劇場,12200
TW,UCR9zMnvdlHPoPtORLk15J5A,https://www.youtube.com/channel/UCR9zMnvdlHPoPtORLk15J5A,晴子情感劇場,12200
TW,UCaBC0h-eQk4lnBkGzpZQAWg,https://www.youtube.com/channel/UCaBC0h-eQk4lnBkGzpZQAWg,小麦种子吖,12400
TW,UCyD7_ICPOiJdqzUM2MAjXrw,https://www.youtube.com/channel/UCyD7_ICPOiJdqzUM2MAjXrw,Jankon大叔的養生健康坊,12700
TW,UC6hdXjPE-9qFlXDeGbmRI7w,https://www.youtube.com/channel/UC6hdXjPE-9qFlXDeGbmRI7w,애니 멜로디 (Anime Melody with Eve),12800
TW,UCBE9I-bDMnfWOaKJeJhD5WA,https://www.youtube.com/channel/UCBE9I-bDMnfWOaKJeJhD5WA,卡蒂婭Cartia Ch.,13200
TW,UCeKfioL3Pp5ksAKv7IgP5Jw,https://www.youtube.com/channel/UCeKfioL3Pp5ksAKv7IgP5Jw,太極 推手 陳適當師父教學頻道Master Chen Shidang,11500
TW,UCoD7qG56rEzOY_vb6yp0wgQ,https://www.youtube.com/channel/UCoD7qG56rEzOY_vb6yp0wgQ,黄正极,11399
TZ,UCAD45KaUkBKDZltUSy3v9rA,https://www.youtube.com/channel/UCAD45KaUkBKDZltUSy3v9rA,SANDRA OFFICIAL,145000
TZ,UCoEAiMoTNKIx9kBfygMDwzQ,https://www.youtube.com/channel/UCoEAiMoTNKIx9kBfygMDwzQ,FIDO COMEDIAN ,100000
TZ,UCnkJaO7Gi1ClJ-3EJgvV2AQ,https://www.youtube.com/channel/UCnkJaO7Gi1ClJ-3EJgvV2AQ,Simba immortality ,42300
TZ,UCrVzlvCsUgRjGBdTzYdY_Jw,https://www.youtube.com/channel/UCrVzlvCsUgRjGBdTzYdY_Jw,MAIN SWITCH 257,15000
TZ,UCV3_z4Am5f2H6u_ON7PO_-w,https://www.youtube.com/channel/UCV3_z4Am5f2H6u_ON7PO_-w,OMOKI FILMS,51600
TZ,UCkPqnSi_eGghFkTprcOTvqA,https://www.youtube.com/channel/UCkPqnSi_eGghFkTprcOTvqA,Radio Maria Burundi,19700
TZ,UCPDRl9-FxYt2g4Gl5jvKRVA,https://www.youtube.com/channel/UCPDRl9-FxYt2g4Gl5jvKRVA,HARAKATI TV,32200
TZ,UCh4Vbpn1dRexQV75_-pI2WQ,https://www.youtube.com/channel/UCh4Vbpn1dRexQV75_-pI2WQ,BONGO VIBE,43600
TZ,UCEqqGIg5YUnijKTC1jOxZxg,https://www.youtube.com/channel/UCEqqGIg5YUnijKTC1jOxZxg,Mwamba Five,16900
TZ,UC5MLPffTnKwNLlen4FrDs3A,https://www.youtube.com/channel/UC5MLPffTnKwNLlen4FrDs3A,MAGAZIJUTO TV,20099
TZ,UCHbGO4LNdzIOKdNtT2r_YBg,https://www.youtube.com/channel/UCHbGO4LNdzIOKdNtT2r_YBg,John Recap49🎬,11800
TZ,UCuyWVuNv4HCA-r6N-yyadHg,https://www.youtube.com/channel/UCuyWVuNv4HCA-r6N-yyadHg,DIRECTOR G VANNY ,11800
TZ,UCwDXW9n3EX7-TEeovseqz1A,https://www.youtube.com/channel/UCwDXW9n3EX7-TEeovseqz1A,EY MOVIES,12600
TZ,UCwy4jBIU5fzPVJrCXXRIgQQ,https://www.youtube.com/channel/UCwy4jBIU5fzPVJrCXXRIgQQ,CHASIMBA,19500
TZ,UC6C7HDKVjpzm5DitVJ2MjtA,https://www.youtube.com/channel/UC6C7HDKVjpzm5DitVJ2MjtA,t-BigLab,16600
TZ,UC99gJw_Vb4G7sgOXiIdMtIA,https://www.youtube.com/channel/UC99gJw_Vb4G7sgOXiIdMtIA,FATHER LEE CLASSIC FILMS,23000
TZ,UCv-cT_55MIz9SezuYDY8Mew,https://www.youtube.com/channel/UCv-cT_55MIz9SezuYDY8Mew,Aboi Akili,18000
TZ,UCF1U5BnwClDUZW5ihXJJWrw,https://www.youtube.com/channel/UCF1U5BnwClDUZW5ihXJJWrw,D Recap Swahili,10300
TZ,UC2R2btdvW1ApfBr6uViYs-g,https://www.youtube.com/channel/UC2R2btdvW1ApfBr6uViYs-g,Nova Recap,10900
TZ,UCIKdMGkImlUD5KF6Ibfqi0g,https://www.youtube.com/channel/UCIKdMGkImlUD5KF6Ibfqi0g,VEVO SWAHILI,12600
TH,UCqT6m2rihz73_ImYJM13U2Q,https://www.youtube.com/channel/UCqT6m2rihz73_ImYJM13U2Q,THE INSIDER - ดิ อินไซเดอร์,177000
TH,UCRUq_6BhKRCeRYPJ1nsV8IA,https://www.youtube.com/channel/UCRUq_6BhKRCeRYPJ1nsV8IA,Cutie Girl ,88100
TH,UC3gkqQ0MxRJTJIyTRNrLeiQ,https://www.youtube.com/channel/UC3gkqQ0MxRJTJIyTRNrLeiQ,ลุงหมีเล่าเรื่อง,170000
TH,UC85O_ermfn7w73OCdzm7tHg,https://www.youtube.com/channel/UC85O_ermfn7w73OCdzm7tHg,สาวน้องพาเพลินchannel,143000
TH,UCd_RyM694abhZBKGIHBYPNA,https://www.youtube.com/channel/UCd_RyM694abhZBKGIHBYPNA,ตงเฉิน,142000
TH,UCI40aJr8dI591LoN4joHvQA,https://www.youtube.com/channel/UCI40aJr8dI591LoN4joHvQA,SMOL EXTRA Thai,70300
TH,UCUWk3-O7K5i_vd0oCznO4cA,https://www.youtube.com/channel/UCUWk3-O7K5i_vd0oCznO4cA,Motion Minds Entertainment,61000
TH,UCyWFJ5D_RtrKpHKMrNvUDBQ,https://www.youtube.com/channel/UCyWFJ5D_RtrKpHKMrNvUDBQ,สุขใจไทบ้าน,29500
TH,UCnCRL8klXp2Bcu-ivvgqMHQ,https://www.youtube.com/channel/UCnCRL8klXp2Bcu-ivvgqMHQ,Meena drummer,140000
TH,UCXOg1vKexRjXCaak5blrZ-w,https://www.youtube.com/channel/UCXOg1vKexRjXCaak5blrZ-w,DAMTA,161000
TH,UCX1Zi9BxBY0O-x0Aq_y3ZRg,https://www.youtube.com/channel/UCX1Zi9BxBY0O-x0Aq_y3ZRg,NJChicky,187000
TH,UCboKYrwUEPD-9gRpuzQDiNA,https://www.youtube.com/channel/UCboKYrwUEPD-9gRpuzQDiNA,Zerosick,200000
TH,UCopEd5O7-Pki-KDnWlHcPVQ,https://www.youtube.com/channel/UCopEd5O7-Pki-KDnWlHcPVQ,TopFlicks,75200
TH,UCgUUpXH4PY1nQFHvUUwC6dw,https://www.youtube.com/channel/UCgUUpXH4PY1nQFHvUUwC6dw,ถึงไหน ถึงกัน,137000
TH,UCwAs_07NvJpaJ6BichJbyqQ,https://www.youtube.com/channel/UCwAs_07NvJpaJ6BichJbyqQ,아버지께서 전해주신 진리의 빛,167000
TH,UChC0OelcRQL8t7xXWBAIqhQ,https://www.youtube.com/channel/UChC0OelcRQL8t7xXWBAIqhQ,Moon Thai Animation,191000
TH,UCVSNS_p5Vbb3l_wgZzOS8Lw,https://www.youtube.com/channel/UCVSNS_p5Vbb3l_wgZzOS8Lw,PINK สปอยหนัง,205000
TH,UCGtAi01m0fzwOC90gnsd7EA,https://www.youtube.com/channel/UCGtAi01m0fzwOC90gnsd7EA,싱싱 - Sing Sing,53099
TH,UCiJ5jHwRhi5oV0YZN6vBOLw,https://www.youtube.com/channel/UCiJ5jHwRhi5oV0YZN6vBOLw,ตามอดั้มซิ่ง channel,22200
TH,UCA2crXoUaprSu_KzuuA3rzw,https://www.youtube.com/channel/UCA2crXoUaprSu_KzuuA3rzw,CT STORY [ ซีที สตอรี่ ],32000
TH,UCHkUZSJ2ihSnoMfab0RueVA,https://www.youtube.com/channel/UCHkUZSJ2ihSnoMfab0RueVA,เพจ ลี้ลับ,24600
TH,UC9iJqJGOr2HFLgXzKwyT2Dg,https://www.youtube.com/channel/UC9iJqJGOr2HFLgXzKwyT2Dg,Vampire News,58900
TH,UCOJp2It4A0EuZu3_WiDiIww,https://www.youtube.com/channel/UCOJp2It4A0EuZu3_WiDiIww,สายล่า พาลุย,87800
TH,UC3_MDfoNKyqSUQvevSwiCJg,https://www.youtube.com/channel/UC3_MDfoNKyqSUQvevSwiCJg,로즈 드라마,76100
TH,UCsycD99QF35QuJfz0mOpYPw,https://www.youtube.com/channel/UCsycD99QF35QuJfz0mOpYPw,CEO Short Dramas,29600
TH,UCq8k6IAJBZpzIqGdUqmlNRg,https://www.youtube.com/channel/UCq8k6IAJBZpzIqGdUqmlNRg,ครูตุ๊ แฟมิลี่,58800
TH,UCF5g-RhvGLJ52Uz_iDDk-Jw,https://www.youtube.com/channel/UCF5g-RhvGLJ52Uz_iDDk-Jw,TOOK YOUR TIME,112000
TH,UCkdCm2cyqItwkWKOvSpSF1g,https://www.youtube.com/channel/UCkdCm2cyqItwkWKOvSpSF1g,YOO JIEUN,112000
TH,UCJu4maURJurbWL8eM3UGKOw,https://www.youtube.com/channel/UCJu4maURJurbWL8eM3UGKOw,3dကလင်ဒါသီးသန့်,114000
TH,UCBA9jIyEBHPDpBRTa9jqP4A,https://www.youtube.com/channel/UCBA9jIyEBHPDpBRTa9jqP4A,Uliana LifeStyle,122000
TH,UC54j2dHP0Ei1St1lR6LNUiQ,https://www.youtube.com/channel/UC54j2dHP0Ei1St1lR6LNUiQ,สารานุกรม สร้างรายได้,127000
TH,UCgaLuc4zfvIRL-4QK1HGh2Q,https://www.youtube.com/channel/UCgaLuc4zfvIRL-4QK1HGh2Q,โจ๊ะ1977,34000
TH,UCEduHUYVg2c2b6QH5bRpKOg,https://www.youtube.com/channel/UCEduHUYVg2c2b6QH5bRpKOg,MR.K MINECRAFT,55400
TH,UC7kR24HQsYKSmrv-DM7SXug,https://www.youtube.com/channel/UC7kR24HQsYKSmrv-DM7SXug,เสริมดวงเรียกทรัพย์รับโชค,80000
TH,UCjRyPaQ5YjTJF08iLotVvjA,https://www.youtube.com/channel/UCjRyPaQ5YjTJF08iLotVvjA,ทันข่าวเรื่องชาวบ้าน [Keep up with local news],82800
TH,UCo4Du8HoOylSxZw6VKx0VKw,https://www.youtube.com/channel/UCo4Du8HoOylSxZw6VKx0VKw,life around us,21700
TH,UCOWbVXO6gJrnuZbi1rTcpWw,https://www.youtube.com/channel/UCOWbVXO6gJrnuZbi1rTcpWw,Eune,82400
TH,UCoFyC2lm-BpI8Yk05910ihQ,https://www.youtube.com/channel/UCoFyC2lm-BpI8Yk05910ihQ,สาวอีสาน บ้านนา(  หน่อย ),91600
TH,UCbmTKNLUSdJeJST-kLPwXNw,https://www.youtube.com/channel/UCbmTKNLUSdJeJST-kLPwXNw,𝘽𝙐𝙍𝙈𝙀𝙎𝙀 𝙑𝙇𝙊𝙂,35100
TH,UCfAtxPZXIAbdDt-sKNx3vJw,https://www.youtube.com/channel/UCfAtxPZXIAbdDt-sKNx3vJw,CGBX,68900
TH,UCJWJ7EbnIu47KHA33OdQPRg,https://www.youtube.com/channel/UCJWJ7EbnIu47KHA33OdQPRg,DMZxX,41300
TH,UC_KIIsmpd6AAIXp2XQuI12g,https://www.youtube.com/channel/UC_KIIsmpd6AAIXp2XQuI12g,KO GYI 3D,72300
TH,UCMMddSQ9-0L6rrJUTs1uYBg,https://www.youtube.com/channel/UCMMddSQ9-0L6rrJUTs1uYBg,Foam Jame FC,37300
TH,UC8fuu7MDsrPIHI2CG-Jp0sw,https://www.youtube.com/channel/UC8fuu7MDsrPIHI2CG-Jp0sw,2D Live Thuta Mg,48900
TH,UCtQPjytq58SwlFHFrWIQkMw,https://www.youtube.com/channel/UCtQPjytq58SwlFHFrWIQkMw,แม่บ้านทำกิน,61600
TH,UCSf6-rcjOmIkp1XsFc0df5w,https://www.youtube.com/channel/UCSf6-rcjOmIkp1XsFc0df5w,โหน กระโถน,39800
TH,UCdwaHMkurJMYStp2OJONUqg,https://www.youtube.com/channel/UCdwaHMkurJMYStp2OJONUqg,ส้มหวาน,88900
TH,UC9h687zln0yMWrztiR9RQHQ,https://www.youtube.com/channel/UC9h687zln0yMWrztiR9RQHQ,MISCHIEVOUS,22100
TH,UC6eNqNG2bpSDzF8All1-RjA,https://www.youtube.com/channel/UC6eNqNG2bpSDzF8All1-RjA,SOMBAT THEPMANEE,23500
TH,UCw4iE4eXRNcT2OV7HPrjedg,https://www.youtube.com/channel/UCw4iE4eXRNcT2OV7HPrjedg,inuZilla,25299
TH,UCap_tzFDDTy271b_gIVRy0w,https://www.youtube.com/channel/UCap_tzFDDTy271b_gIVRy0w,ปลาย กนกพร official,27500
TH,UCo6xrqZgmEpEf_3OOGfX5-Q,https://www.youtube.com/channel/UCo6xrqZgmEpEf_3OOGfX5-Q,เซียนเก๋า,31000
TH,UC7l6bMZl3ytSbLwX5idbKkQ,https://www.youtube.com/channel/UC7l6bMZl3ytSbLwX5idbKkQ,Namwan Drama,43200
TH,UCB_8gGD0aP5yHrK43cuexzQ,https://www.youtube.com/channel/UCB_8gGD0aP5yHrK43cuexzQ,King Ko Thaung,56100
TH,UCo2TMhV8yyUycZGCSjZX2RA,https://www.youtube.com/channel/UCo2TMhV8yyUycZGCSjZX2RA,MoogroP,61700
TH,UCWqMA-2vxoChLGLuq9YdBDg,https://www.youtube.com/channel/UCWqMA-2vxoChLGLuq9YdBDg,APPDAYS PLAY,11600
TH,UCZVmWI3JeHULz3epcZIDPaA,https://www.youtube.com/channel/UCZVmWI3JeHULz3epcZIDPaA,Peapeel,53700
TH,UChuVnWZhmsCxaYoSN5ZTSpw,https://www.youtube.com/channel/UChuVnWZhmsCxaYoSN5ZTSpw,Belly Capy,60199
TH,UCqjgONG40zw1bAq1Z2HQrTg,https://www.youtube.com/channel/UCqjgONG40zw1bAq1Z2HQrTg,ป้าณัฐ  สตอรี่,12400
TH,UCbjCn_UmkhRdKuOGxDNyc7g,https://www.youtube.com/channel/UCbjCn_UmkhRdKuOGxDNyc7g,Jia jingwen521,25200
TH,UCA7vQYCB4E8eo86Pk4e0mzQ,https://www.youtube.com/channel/UCA7vQYCB4E8eo86Pk4e0mzQ,Maung Maung(Musical Entertainment),63200
TH,UCiAfGL2ezA-pJGfw6JWcPbA,https://www.youtube.com/channel/UCiAfGL2ezA-pJGfw6JWcPbA,TopFight MMA,27000
TH,UC6X93mjmrmWXBNG7WBIImiw,https://www.youtube.com/channel/UC6X93mjmrmWXBNG7WBIImiw,សំណាងស្រីតា,47400
TH,UCuiUSSojk8l7RwMmvV6RmKw,https://www.youtube.com/channel/UCuiUSSojk8l7RwMmvV6RmKw,เรียกทรัพย์ทุกวัน ฟังแล้วรวย ,50300
TH,UCHNHMBcXVKpVUGuAI6kdZDw,https://www.youtube.com/channel/UCHNHMBcXVKpVUGuAI6kdZDw,Capipi,63000
TH,UCqQlznYMkgvDIEYC17rLwuQ,https://www.youtube.com/channel/UCqQlznYMkgvDIEYC17rLwuQ,NPS TV Channel,69400
TH,UCgUol5QMH1ksKJt8QE9AZcQ,https://www.youtube.com/channel/UCgUol5QMH1ksKJt8QE9AZcQ,Just10Sec,23000
TH,UCAX2824B-1a3Mex3k0wbVnQ,https://www.youtube.com/channel/UCAX2824B-1a3Mex3k0wbVnQ,เรื่องเล่าเจ้าหนู,34600
TH,UCOgjQy44nLBDrjORwJ9Epww,https://www.youtube.com/channel/UCOgjQy44nLBDrjORwJ9Epww,SMOL WOW Thai,41800
TH,UCu_u14jTGJkI_PdL9b36GdQ,https://www.youtube.com/channel/UCu_u14jTGJkI_PdL9b36GdQ,CC Bar Sports News,45300
TH,UCLKuhtWACgPRWNkgkezuo7Q,https://www.youtube.com/channel/UCLKuhtWACgPRWNkgkezuo7Q,SMOL Thai,54700
TH,UCesYyjpxFVKi9xbVVmXQnEw,https://www.youtube.com/channel/UCesYyjpxFVKi9xbVVmXQnEw,ซุมซอยตัน Music,54400
TH,UCeckqTbZD8XLBugcPsbxYBw,https://www.youtube.com/channel/UCeckqTbZD8XLBugcPsbxYBw,iMONG,59300
TH,UCgF3uEGFgENz1XrQln4YyMw,https://www.youtube.com/channel/UCgF3uEGFgENz1XrQln4YyMw,ELIDE FIRE extinguishing ball,30200
TH,UCWAeYzcp8HwI3nmKkzdE49Q,https://www.youtube.com/channel/UCWAeYzcp8HwI3nmKkzdE49Q,ชัยชุมพวง,34800
TH,UCAlZ9T1wUb1yYwhxQuilBnw,https://www.youtube.com/channel/UCAlZ9T1wUb1yYwhxQuilBnw,Screen Pulse Review ,35700
TH,UCofWOYSy2M00_7YUCVdXWwA,https://www.youtube.com/channel/UCofWOYSy2M00_7YUCVdXWwA,อ้วน แดนดอกคูณ,37200
TH,UCyjZuRB2QY7RBbXvqSMk3AA,https://www.youtube.com/channel/UCyjZuRB2QY7RBbXvqSMk3AA,คำคม โดนใจ ,44300
TH,UCgEopxbd3ns6dxR4triz6jQ,https://www.youtube.com/channel/UCgEopxbd3ns6dxR4triz6jQ,L Y N N X,46000
TH,UC2fuZhD67k48X6KZJ5ZrlEw,https://www.youtube.com/channel/UC2fuZhD67k48X6KZJ5ZrlEw,Kookkook Sky,46400
TH,UCA96ZVgPMXFsYk_hrHYtUvw,https://www.youtube.com/channel/UCA96ZVgPMXFsYk_hrHYtUvw,떡흘루막TV,50800
TH,UC0Znmv9djTt0VXIrYZvPitg,https://www.youtube.com/channel/UC0Znmv9djTt0VXIrYZvPitg,Myanmar Song Entertainment,20200
TH,UCOmOSCBdBJLwT3OcsKUcSVQ,https://www.youtube.com/channel/UCOmOSCBdBJLwT3OcsKUcSVQ,Kondo - คอนโดะ,25200
TH,UCyY_-gcpOdrEWdPIpkC2oBQ,https://www.youtube.com/channel/UCyY_-gcpOdrEWdPIpkC2oBQ,ရွှေဒင်္ဂါး - Shwe Din Gar,29600
TH,UCKU4QSOLi_5yqaFAaRt3Klg,https://www.youtube.com/channel/UCKU4QSOLi_5yqaFAaRt3Klg,บทความเรื่อยเปื่อย channel,33300
TH,UCIxWJ7k2MWKT6sIg3mLjkTg,https://www.youtube.com/channel/UCIxWJ7k2MWKT6sIg3mLjkTg,โป๊ะโกะ / PoKo ปลวกทูปเบ๋อ,34600
TH,UCxNl6M66Ex25hXwkEmqYhmw,https://www.youtube.com/channel/UCxNl6M66Ex25hXwkEmqYhmw,Tcatty,34900
TH,UC4uksjufZNYOO9lDkZwDLzA,https://www.youtube.com/channel/UC4uksjufZNYOO9lDkZwDLzA,บ่าวหนองคาย พาเว้า,36800
TH,UCqvno393zs5rYR7FhQm5UFQ,https://www.youtube.com/channel/UCqvno393zs5rYR7FhQm5UFQ,Sit beautiful with KamPhaka,37500
TH,UCpMHw2Q2Uuot01dZLaJ9IAQ,https://www.youtube.com/channel/UCpMHw2Q2Uuot01dZLaJ9IAQ,Cr7 Dream ,39200
TH,UCCpew0n_JBtS9MoUva9SNYQ,https://www.youtube.com/channel/UCCpew0n_JBtS9MoUva9SNYQ,Wai Yan Kyaw 2d,38600
TH,UC2z4GxyHz4Dn14kUdVDNU1g,https://www.youtube.com/channel/UC2z4GxyHz4Dn14kUdVDNU1g,Multi DO GIRLS Thai,46900
TH,UCzMsMwl75_9nnlN4NxLD39A,https://www.youtube.com/channel/UCzMsMwl75_9nnlN4NxLD39A,A-DAS,50700
TH,UC1dnrZnTPHdqkV1SXVf7NvA,https://www.youtube.com/channel/UC1dnrZnTPHdqkV1SXVf7NvA,CubeQ,30299
TH,UCAyyHwPWZbzEQmXjoo7INpg,https://www.youtube.com/channel/UCAyyHwPWZbzEQmXjoo7INpg,มหัศจรรย์ หมอลำอั๋นพาม่วน,28700
TH,UCcu7qd7pzSL76oTv6qmwSqw,https://www.youtube.com/channel/UCcu7qd7pzSL76oTv6qmwSqw,เรื่องเล่ารอบโลก,13100
TH,UC4BUYNGK4JGFtxxxCg5iDZA,https://www.youtube.com/channel/UC4BUYNGK4JGFtxxxCg5iDZA,Bird inspire,16100
TH,UCUqUzftwZiO23DVcrOT5zvQ,https://www.youtube.com/channel/UCUqUzftwZiO23DVcrOT5zvQ,ตลกดีน่ะ,17300
TH,UCWY5GIckOr2NF9JWTYKuYGQ,https://www.youtube.com/channel/UCWY5GIckOr2NF9JWTYKuYGQ,👉2Dဆရာမ မေသဇင်,22700
TN,UCQ_g5Vy_cLWGUszXD1d8_4w,https://www.youtube.com/channel/UCQ_g5Vy_cLWGUszXD1d8_4w,3AGGECH,49000
TN,UCqbcLaRF0uyBly1qgsqrg5A,https://www.youtube.com/channel/UCqbcLaRF0uyBly1qgsqrg5A,Bos3adet,30900
TN,UCxSekWu2AB4_UYjkNNkgMXA,https://www.youtube.com/channel/UCxSekWu2AB4_UYjkNNkgMXA,B12BRO YT,29300
TN,UCAiVXCPee1TeBlGft4sXfjA,https://www.youtube.com/channel/UCAiVXCPee1TeBlGft4sXfjA,bda808,15500
TR,UC-5PR28h9SHtNichINWImDg,https://www.youtube.com/channel/UC-5PR28h9SHtNichINWImDg,Purr Patrol,243000
TR,UC2Sx8rluV2hdSLs5UnIqs_A,https://www.youtube.com/channel/UC2Sx8rluV2hdSLs5UnIqs_A,VitrA Türkiye,271000
TR,UCFVzWCK50ZYWUhuIS6Y0C0A,https://www.youtube.com/channel/UCFVzWCK50ZYWUhuIS6Y0C0A,Burak Bulut,270000
TR,UCK3mI2lsk3LSo8PBUc8JTSw,https://www.youtube.com/channel/UCK3mI2lsk3LSo8PBUc8JTSw,HT Spor,217000
TR,UCaexSDIly0XlM6UYyO3pGXQ,https://www.youtube.com/channel/UCaexSDIly0XlM6UYyO3pGXQ,SAVAŞ ŞEHRİ,159000
TR,UCNIOasKtP7RZqU9IXtof1AQ,https://www.youtube.com/channel/UCNIOasKtP7RZqU9IXtof1AQ,‏𝓗 & 𝒩 ,21500
TR,UCFLGKUoCsSoKLnR3BYBRELg,https://www.youtube.com/channel/UCFLGKUoCsSoKLnR3BYBRELg,MerAsk,25099
TR,UCd6FkjwIMDBGVztlAHQA6Kg,https://www.youtube.com/channel/UCd6FkjwIMDBGVztlAHQA6Kg,Sheikh's story ,30299
TR,UCpH5cu2Sqz5lW_LiWom8ScQ,https://www.youtube.com/channel/UCpH5cu2Sqz5lW_LiWom8ScQ,Mert Futbol,22799
TR,UCewx6Koz5V0MAnmmQ_NvVFA,https://www.youtube.com/channel/UCewx6Koz5V0MAnmmQ_NvVFA,مستشار ريزه ,40599
TR,UCOnIZpcTa1gEopRupix7waQ,https://www.youtube.com/channel/UCOnIZpcTa1gEopRupix7waQ,Meraklı Timsah,102000
TR,UCDq-yRk0_7us-pcHUOS6-XQ,https://www.youtube.com/channel/UCDq-yRk0_7us-pcHUOS6-XQ,MUHAMMET BURAK,161000
TR,UCHdaD8RSXlkIG3QeYTqerCg,https://www.youtube.com/channel/UCHdaD8RSXlkIG3QeYTqerCg,BRODOXExtra,247000
TR,UCgizYG4LeUQnwFMBQBwJWSQ,https://www.youtube.com/channel/UCgizYG4LeUQnwFMBQBwJWSQ,BK Sports,62800
TR,UCMX6taVY7euFOeO8Zz2c3ow,https://www.youtube.com/channel/UCMX6taVY7euFOeO8Zz2c3ow,Takipçi,77500
TR,UCvKtWoPcLMyLXYOONvnDrkg,https://www.youtube.com/channel/UCvKtWoPcLMyLXYOONvnDrkg,The Entertainment Spot,22300
TR,UCT1yh5xsWJCmurNpMwwPWKw,https://www.youtube.com/channel/UCT1yh5xsWJCmurNpMwwPWKw,OrzelFakt,74800
TR,UCH-ol0Gh_FcHc1htBz1U22w,https://www.youtube.com/channel/UCH-ol0Gh_FcHc1htBz1U22w,VoidsKai,117000
TR,UCFiORKPLO8XTuFYimCzjdQA,https://www.youtube.com/channel/UCFiORKPLO8XTuFYimCzjdQA,Akıllı Hayvanlar 🐾,19000
TR,UCY8WgU_ecysCtvQWL5nij7Q,https://www.youtube.com/channel/UCY8WgU_ecysCtvQWL5nij7Q,Spenlet,96100
TR,UCfDs33BdjZzgIKBBtEkHM6Q,https://www.youtube.com/channel/UCfDs33BdjZzgIKBBtEkHM6Q,YAV Clips,70600
TR,UC4gb4V4gsWURZMz91FGRJvg,https://www.youtube.com/channel/UC4gb4V4gsWURZMz91FGRJvg,Bi Kız Bi Oğlan,104000
TR,UCIW5m_ApXyTDRlnPij-d85A,https://www.youtube.com/channel/UCIW5m_ApXyTDRlnPij-d85A,Gökhan Vlog,112000
TR,UCHUAfGPH82g1h5VgGRREzcA,https://www.youtube.com/channel/UCHUAfGPH82g1h5VgGRREzcA,Şiranın Renkli Dünyası,119000
TR,UCnH0tHUghgNrEWANLDSjePw,https://www.youtube.com/channel/UCnH0tHUghgNrEWANLDSjePw,Zübeydenin Kolay Tarifleri,155000
TR,UCj9LYTBd4rMUT1Yrzk6iENA,https://www.youtube.com/channel/UCj9LYTBd4rMUT1Yrzk6iENA,Ömer & Asena & Dora,157000
TR,UCFZZ3sLIylmBrXbtGYgTE3A,https://www.youtube.com/channel/UCFZZ3sLIylmBrXbtGYgTE3A,Texa,157000
TR,UCk6zQ58HwaHcypVO7c4mDag,https://www.youtube.com/channel/UCk6zQ58HwaHcypVO7c4mDag,Efsane Maymunlar,164000
TR,UCrTxEyvPD34-3NMbOY9hfUg,https://www.youtube.com/channel/UCrTxEyvPD34-3NMbOY9hfUg,emrhnsr12,168000
TR,UCrqeRVVFaRfncw2E-3E_ZGQ,https://www.youtube.com/channel/UCrqeRVVFaRfncw2E-3E_ZGQ,النصائح المفيدة ,191000
TR,UCeV36w_6Qf-oQRVGGkbkTKA,https://www.youtube.com/channel/UCeV36w_6Qf-oQRVGGkbkTKA,Rexan,40500
TR,UCqddJ6BvCjY_Hsg_KMl6vJg,https://www.youtube.com/channel/UCqddJ6BvCjY_Hsg_KMl6vJg,Calypse,65500
TR,UCW-3200lTcffuM0cIrap8PQ,https://www.youtube.com/channel/UCW-3200lTcffuM0cIrap8PQ,Kirit0kun ,21400
TR,UCY1ILi-oOtxDKwjEIxGKRhw,https://www.youtube.com/channel/UCY1ILi-oOtxDKwjEIxGKRhw,AtesBlox,12800
TR,UCEZFBLeHhOuDuvhTofbbaVw,https://www.youtube.com/channel/UCEZFBLeHhOuDuvhTofbbaVw,YakalaZ,79100
TR,UCGqDAE56CqwZfOt_Hr_RgCA,https://www.youtube.com/channel/UCGqDAE56CqwZfOt_Hr_RgCA,Minuta Prawdy,87300
TR,UCK3xiCMEBt__ci28I--muCA,https://www.youtube.com/channel/UCK3xiCMEBt__ci28I--muCA,Aicatstory2025,48000
TR,UCDKIn2qPbbjX9pTevc05lXA,https://www.youtube.com/channel/UCDKIn2qPbbjX9pTevc05lXA,Mesut Hurma,45199
TR,UCoA5DsXjnzC8B0zfArv08ZA,https://www.youtube.com/channel/UCoA5DsXjnzC8B0zfArv08ZA,Cap Cut White,95000
TR,UCmkQ5lOOnxKUVQjK_JQI0bA,https://www.youtube.com/channel/UCmkQ5lOOnxKUVQjK_JQI0bA,달리는 물고기,44800
TR,UCC6tJFfvQLjxvtNMLSqrbUw,https://www.youtube.com/channel/UCC6tJFfvQLjxvtNMLSqrbUw,풍미 예술,53300
TR,UC8Yzw-ZVjpzN6gFjG6ZQeeA,https://www.youtube.com/channel/UC8Yzw-ZVjpzN6gFjG6ZQeeA,𝗔𝗡𝗜𝗠𝗔𝗟 𝗛𝗢𝗢𝗙𝗦,106000
TR,UClp30cRYEbZare-u3O0qysA,https://www.youtube.com/channel/UClp30cRYEbZare-u3O0qysA,Efruz Aydın,106000
TR,UCVaXJfnP3PD4H2_gnO9MOdA,https://www.youtube.com/channel/UCVaXJfnP3PD4H2_gnO9MOdA,alfredpubg,107000
TR,UCsxqv0wRVW8-oqBdp5C8ypA,https://www.youtube.com/channel/UCsxqv0wRVW8-oqBdp5C8ypA,Harmonic Flow,107000
TR,UCMaNKzzoCEkXCGsqp2ArB6g,https://www.youtube.com/channel/UCMaNKzzoCEkXCGsqp2ArB6g,Citroën Türkiye,108000
TR,UCgutZcWxbVap9B0UxQpNPbA,https://www.youtube.com/channel/UCgutZcWxbVap9B0UxQpNPbA,Efsane Yorumcu,110000
TR,UCaA9D7fbPfs0tdQHt-WnaMg,https://www.youtube.com/channel/UCaA9D7fbPfs0tdQHt-WnaMg,ramftbll,108000
TR,UC1gcS_WOPoEM3k_pFrzfBvw,https://www.youtube.com/channel/UC1gcS_WOPoEM3k_pFrzfBvw,AI Funnies,115000
TR,UCo_zwu881oNtC-qxLSYmF6w,https://www.youtube.com/channel/UCo_zwu881oNtC-qxLSYmF6w,Fatih Yasin,127000
TR,UCzQ_1oBqYYh4cO-Au5xPG5g,https://www.youtube.com/channel/UCzQ_1oBqYYh4cO-Au5xPG5g,Eti Çocuk Tiyatrosu,129000
TR,UCiXWQdZRPySU5h6GiOkREOg,https://www.youtube.com/channel/UCiXWQdZRPySU5h6GiOkREOg,DumEdit,133000
TR,UCCTY1MMw7PKtp7tLcXkmK3g,https://www.youtube.com/channel/UCCTY1MMw7PKtp7tLcXkmK3g,Yasin Atakaya,37300
TR,UCWR-SWiY0X-Nq93sN7J20wg,https://www.youtube.com/channel/UCWR-SWiY0X-Nq93sN7J20wg,sup1nator,56200
TR,UCLH5Tm4yTn45zvT_AAaGdNA,https://www.youtube.com/channel/UCLH5Tm4yTn45zvT_AAaGdNA,Fafa Kurgu,81300
TR,UCOYB1lJJtEFkMu9bK5dXLYQ,https://www.youtube.com/channel/UCOYB1lJJtEFkMu9bK5dXLYQ,بدر المغربي راعي الغنم,21800
TR,UC44P64mvYxVDwZUiNcJvFCA,https://www.youtube.com/channel/UC44P64mvYxVDwZUiNcJvFCA,müfit karacabeyli,45100
TR,UCuTa1vQ7-llATB5cb73jQ4w,https://www.youtube.com/channel/UCuTa1vQ7-llATB5cb73jQ4w,Jamxur,68500
TR,UCg-meFDtPW0VyvS2LNiJijQ,https://www.youtube.com/channel/UCg-meFDtPW0VyvS2LNiJijQ,Sodda hayot ,70700
TR,UCWa4XY_IdTdMmFjQBaQlsrg,https://www.youtube.com/channel/UCWa4XY_IdTdMmFjQBaQlsrg,Rizzmo1,94800
TR,UCxFp_RBeoigznAaFRraXSmw,https://www.youtube.com/channel/UCxFp_RBeoigznAaFRraXSmw,Nafsan Ahmadi,50800
TR,UCbJ1I78Iywi1oirrvRArKeQ,https://www.youtube.com/channel/UCbJ1I78Iywi1oirrvRArKeQ,mujtaba recaps ,79800
TR,UCoJiSRG9RRv2Moxb7fmBG5w,https://www.youtube.com/channel/UCoJiSRG9RRv2Moxb7fmBG5w,zarema_taroo,96300
TR,UCB58J25io6ur71SDxBztsFA,https://www.youtube.com/channel/UCB58J25io6ur71SDxBztsFA,Tannaz,45599
TR,UC4EqhSOqGxKilb3qbbnLNAg,https://www.youtube.com/channel/UC4EqhSOqGxKilb3qbbnLNAg,YapayzekamVeBen(AI MASTER),52400
TR,UCwPwgSe0XLKCWBKox9vpS0w,https://www.youtube.com/channel/UCwPwgSe0XLKCWBKox9vpS0w,Tüylü Dostlar,18100
TR,UCAR1vsRnf8Fsh9xjC_EZG_Q,https://www.youtube.com/channel/UCAR1vsRnf8Fsh9xjC_EZG_Q,علی فدایی,30600
TR,UCeFlEtegPxFBn7TFc3BPcTA,https://www.youtube.com/channel/UCeFlEtegPxFBn7TFc3BPcTA,YapayZekaylaTarih,55100
TR,UCu68zToo4BheYFY960TwdUg,https://www.youtube.com/channel/UCu68zToo4BheYFY960TwdUg,Emin Shorts,76400
TR,UCXMI_aOcerCPkNucOzFiH4Q,https://www.youtube.com/channel/UCXMI_aOcerCPkNucOzFiH4Q,귀여운 조조,79200
TR,UC2m1tBF3i4crgdFN1ljRY2Q,https://www.youtube.com/channel/UC2m1tBF3i4crgdFN1ljRY2Q,Ab Gamer,14500
TR,UCOho3qHE5rOD9y0GemWekGw,https://www.youtube.com/channel/UCOho3qHE5rOD9y0GemWekGw,DIZIBAGIMLISI0,49200
TR,UCGYRImyqT_u5HzSHN1b37Ig,https://www.youtube.com/channel/UCGYRImyqT_u5HzSHN1b37Ig,GZT Alfa,52600
TR,UCkDl6aNgY80A0YV3breN3wA,https://www.youtube.com/channel/UCkDl6aNgY80A0YV3breN3wA,Yusuf Sönmez,62699
TR,UCuvM7JNW3KFxloGjhRQPyAA,https://www.youtube.com/channel/UCuvM7JNW3KFxloGjhRQPyAA,ela kerem kodal,63600
TR,UCxxZJZa6_PWJUJvV87YbCvw,https://www.youtube.com/channel/UCxxZJZa6_PWJUJvV87YbCvw,Hızlı Sağlık,25099
TR,UC4YMB0SCDrzzSDktD62FBGA,https://www.youtube.com/channel/UC4YMB0SCDrzzSDktD62FBGA,Nova,19600
TR,UCW8MAfQTXEnKxpLuqDW-y6w,https://www.youtube.com/channel/UCW8MAfQTXEnKxpLuqDW-y6w,Benimle Yarış,23500
TR,UCq8QMBRI-pwQnzdiFqBae6A,https://www.youtube.com/channel/UCq8QMBRI-pwQnzdiFqBae6A,암 남자,64400
TR,UCd4Z2E3ZksNFyyC3qsDCgaQ,https://www.youtube.com/channel/UCd4Z2E3ZksNFyyC3qsDCgaQ,Goktugmine,71200
TR,UCoR2v35xuuOtsNYhmiiWUPw,https://www.youtube.com/channel/UCoR2v35xuuOtsNYhmiiWUPw,Arez Edits,71400
TR,UCI9GFXTwpgU4YkyRGG9p_hA,https://www.youtube.com/channel/UCI9GFXTwpgU4YkyRGG9p_hA,Veliaht,12300
TR,UCKXmA9CQwM5VCQbIIoAgKZg,https://www.youtube.com/channel/UCKXmA9CQwM5VCQbIIoAgKZg,YARI TV یاری تی وی ,27000
TR,UCjIbfySnfssC3BmGrZFeJPg,https://www.youtube.com/channel/UCjIbfySnfssC3BmGrZFeJPg,Curio Shorts,53900
TR,UC6ZCmJv5K60TaiAsMrj81AQ,https://www.youtube.com/channel/UC6ZCmJv5K60TaiAsMrj81AQ,Sweet Footsteps,64000
TR,UCRkGVI5Egbktfh5OSXWCzzA,https://www.youtube.com/channel/UCRkGVI5Egbktfh5OSXWCzzA,Sasan Afson,74200
TR,UCNTj77IOyEX6BH7xcGsFLZw,https://www.youtube.com/channel/UCNTj77IOyEX6BH7xcGsFLZw,HAYATMEDIA TV AF,74000
TR,UCs0ZgvuKYON6TTFg7BZYdbQ,https://www.youtube.com/channel/UCs0ZgvuKYON6TTFg7BZYdbQ,Kadir ünal,85300
TR,UCxoJ2M4UvXu1UvsXsU-hXLA,https://www.youtube.com/channel/UCxoJ2M4UvXu1UvsXsU-hXLA,Yeşil Çadır,29100
TR,UCiulP0PMXHxY6i23p8nQJ8g,https://www.youtube.com/channel/UCiulP0PMXHxY6i23p8nQJ8g,Ai Ajansı,15700
TR,UCtEg9RyuphqZQBr6cFY6yBg,https://www.youtube.com/channel/UCtEg9RyuphqZQBr6cFY6yBg,Çınaraltındayız,17100
TR,UCOiwA_sBlEw99hH08GDhnaQ,https://www.youtube.com/channel/UCOiwA_sBlEw99hH08GDhnaQ,knoxy Türkiye,26700
TR,UC5b6lUzcpKoWPMXbiHD6AHA,https://www.youtube.com/channel/UC5b6lUzcpKoWPMXbiHD6AHA,Nigina Djabarova,41700
TR,UCkWwEuo15JyKI-_g1QENRMA,https://www.youtube.com/channel/UCkWwEuo15JyKI-_g1QENRMA,سطور,44000
TR,UC3N5KHFPVx0PXJpI0O92eog,https://www.youtube.com/channel/UC3N5KHFPVx0PXJpI0O92eog,Erman (3pmaH) ,43700
TR,UClXsABEBVSk2MaLoKCAHKpQ,https://www.youtube.com/channel/UClXsABEBVSk2MaLoKCAHKpQ,Un Minutodi,45500
TR,UCjwf9uxYOK9oQz9nyF1YvaA,https://www.youtube.com/channel/UCjwf9uxYOK9oQz9nyF1YvaA,Kurgucu Mayla,50900
TR,UC9_ADRFyA9jgDXDXvqHcgow,https://www.youtube.com/channel/UC9_ADRFyA9jgDXDXvqHcgow,Dorkie A.R.T  🤗,56300
UG,UCfwgUexJZgXLkgju0q096ww,https://www.youtube.com/channel/UCfwgUexJZgXLkgju0q096ww,Urwagasabo Sports,128000
UG,UCCLtLsNU2fkhUUw0b_v1SlQ,https://www.youtube.com/channel/UCCLtLsNU2fkhUUw0b_v1SlQ,GROUND MEDIA UG,22700
UG,UC4sHUTy2yF8fais9yQUNoQQ,https://www.youtube.com/channel/UC4sHUTy2yF8fais9yQUNoQQ,Siraad Media ,13300
UG,UC3cL_sxkcTMsJ5MjpuDFZ2g,https://www.youtube.com/channel/UC3cL_sxkcTMsJ5MjpuDFZ2g,Josey Worship,13600
UG,UC5MOGn1eejtEqg8d_SGG9Aw,https://www.youtube.com/channel/UC5MOGn1eejtEqg8d_SGG9Aw,NTV Akawungeezi Today,23300
UG,UCIxB6KqczOMECOjeK6YT10A,https://www.youtube.com/channel/UCIxB6KqczOMECOjeK6YT10A,UG SUPA EXTRA FILMS,10600
UG,UC6RIaFKdNHttaYOUGJ_G7IQ,https://www.youtube.com/channel/UC6RIaFKdNHttaYOUGJ_G7IQ,Dream concrete stars uganda,10500
UG,UCnbUl8umsfoCVAWt1m3QMxA,https://www.youtube.com/channel/UCnbUl8umsfoCVAWt1m3QMxA,WWE insider report,11000
UG,UCimqXUxd3C4GXzf3AvIiNdw,https://www.youtube.com/channel/UCimqXUxd3C4GXzf3AvIiNdw,Revival TODAY International,12500
UG,UC8e1Drq0b46kHOiCS-oR0Ug,https://www.youtube.com/channel/UC8e1Drq0b46kHOiCS-oR0Ug,Herbie King Uganda,13400
UA,UCD0c1oGRX4D--PyF4plWr_A,https://www.youtube.com/channel/UCD0c1oGRX4D--PyF4plWr_A,Text1der Roblox,289000
UA,UCbJQjtA4XDZ0kl1jvh7ka3Q,https://www.youtube.com/channel/UCbJQjtA4XDZ0kl1jvh7ka3Q,Окопный Движ,136000
UA,UCGAyUCAETTWPmoxlJ5CfimQ,https://www.youtube.com/channel/UCGAyUCAETTWPmoxlJ5CfimQ,DUCKMOVIELAND ,38000
UA,UCo53hZJMROhI7mmDWuTPqMg,https://www.youtube.com/channel/UCo53hZJMROhI7mmDWuTPqMg,MA-Journey,72600
UA,UC_-QKsgU2-gBIzI3935DzNg,https://www.youtube.com/channel/UC_-QKsgU2-gBIzI3935DzNg,QUIZ MAN,65400
UA,UCsLCSeXZP1Qz1uWvX3P9QZA,https://www.youtube.com/channel/UCsLCSeXZP1Qz1uWvX3P9QZA,KotYara,15600
UA,UCvIVZtWcnETKG-TkDX8ExLQ,https://www.youtube.com/channel/UCvIVZtWcnETKG-TkDX8ExLQ,ТЯЖЕЛЫЙ ЛЮКС,15700
UA,UC7sjoqTfd93tqwqDlp_fpNw,https://www.youtube.com/channel/UC7sjoqTfd93tqwqDlp_fpNw,catt_doggg,36300
UA,UC1wSVrnoojIB8XoOSI3PMCg,https://www.youtube.com/channel/UC1wSVrnoojIB8XoOSI3PMCg,Мережа аптек Подорожник,31200
UA,UCkjr44UKLL-bPpua8_xBsSA,https://www.youtube.com/channel/UCkjr44UKLL-bPpua8_xBsSA,AnDi Box,32700
UA,UC3-L40PMAxqE6u2QiutJGgQ,https://www.youtube.com/channel/UC3-L40PMAxqE6u2QiutJGgQ,Fire girl,129000
UA,UCl_xjNG9UDUvcu6Y6SPQNoQ,https://www.youtube.com/channel/UCl_xjNG9UDUvcu6Y6SPQNoQ,Типичный рыбак,45100
UA,UCUXAWbXijsV4u8_rCqvgsaw,https://www.youtube.com/channel/UCUXAWbXijsV4u8_rCqvgsaw,Dasha Madness,67900
UA,UCEqICwLkMXxFlZ-yh3vafuw,https://www.youtube.com/channel/UCEqICwLkMXxFlZ-yh3vafuw,КОВАЛЮК ВІКТОР,85700
UA,UCDVHPwU2f7HrplmqsXq9HNQ,https://www.youtube.com/channel/UCDVHPwU2f7HrplmqsXq9HNQ,"Игорь, Do it!",56700
UA,UCahDc_DHvm9FUXGiyugcZvg,https://www.youtube.com/channel/UCahDc_DHvm9FUXGiyugcZvg,IRTIK,82500
UA,UCPj0IgJI0f9FaRdogcvULEQ,https://www.youtube.com/channel/UCPj0IgJI0f9FaRdogcvULEQ,AI Dreamer,73300
UA,UCeDcH5vkJAgdcFt1ROL895g,https://www.youtube.com/channel/UCeDcH5vkJAgdcFt1ROL895g,NaDuy_Sha,76500
UA,UC2fH0GF1aRH54q86J2pZhVA,https://www.youtube.com/channel/UC2fH0GF1aRH54q86J2pZhVA,AI Saree Girls,45599
UA,UCvXqvFQYY0IDRdTyfvnhMDA,https://www.youtube.com/channel/UCvXqvFQYY0IDRdTyfvnhMDA,Калейдоскоп Здоровья. Магний водород. ЭКО продукты,48500
UA,UCDEhH9sddWCTZJ1vZHVrRSQ,https://www.youtube.com/channel/UCDEhH9sddWCTZJ1vZHVrRSQ,Анастасія НОРІЦИНА,16600
UA,UCCET1lPkKszH9rKRLI9AJCA,https://www.youtube.com/channel/UCCET1lPkKszH9rKRLI9AJCA,СвітлоСказ 🌿,17600
UA,UC2-qc2qh2v6YPi_kN8B_T-Q,https://www.youtube.com/channel/UC2-qc2qh2v6YPi_kN8B_T-Q,Kontramarka | КОНТРАМАРКА,22799
UA,UC3-gM1Vc7UdgFLOq-33c1nA,https://www.youtube.com/channel/UC3-gM1Vc7UdgFLOq-33c1nA,ФУНТ,28400
UA,UCkXZ0_hR4NG_0gWQ0Ypa3Dg,https://www.youtube.com/channel/UCkXZ0_hR4NG_0gWQ0Ypa3Dg,Viortual,35900
UA,UCikb_a-XgHhAz6tFNNaha7g,https://www.youtube.com/channel/UCikb_a-XgHhAz6tFNNaha7g,TMI,13600
UA,UCsfhakjVC9ie_66WGkEFmIA,https://www.youtube.com/channel/UCsfhakjVC9ie_66WGkEFmIA,З Україною 🇺🇦,17700
UA,UCeFmSR8vemG6PWf-b9drffQ,https://www.youtube.com/channel/UCeFmSR8vemG6PWf-b9drffQ,Village Above the Clouds | Mountain Life Stories,24800
UA,UC7rht2ztSzGjcJ3MjEY-bTA,https://www.youtube.com/channel/UC7rht2ztSzGjcJ3MjEY-bTA,БІБІК ONLINE,40900
UA,UCZ0UJLgDFZl8rX6LZ2sRuWg,https://www.youtube.com/channel/UCZ0UJLgDFZl8rX6LZ2sRuWg,NeVODA,21300
UA,UCAWHaN_EEn3F66aYdVX1zAA,https://www.youtube.com/channel/UCAWHaN_EEn3F66aYdVX1zAA,Cудьбоносные Истории,21100
UA,UCN5VEGyZeoPUYbJyXCXkS2Q,https://www.youtube.com/channel/UCN5VEGyZeoPUYbJyXCXkS2Q,Україна Молиться,13700
UA,UCCa-oHqJPh9Lasd6nSvXgGw,https://www.youtube.com/channel/UCCa-oHqJPh9Lasd6nSvXgGw,DSL Auto,16100
UA,UCR04Wlr2CU19j7UrlJO-pYA,https://www.youtube.com/channel/UCR04Wlr2CU19j7UrlJO-pYA,Oksana Kalkutina,17800
UA,UCEElKSqTlCKhWph02JddH1g,https://www.youtube.com/channel/UCEElKSqTlCKhWph02JddH1g,Buy Me дропшиппинг платформа,19700
UA,UCYVifrVDuuVEr68GSBdkERg,https://www.youtube.com/channel/UCYVifrVDuuVEr68GSBdkERg,DTEK,25000
UA,UC2ZEhgrCY8gye6BhXdcQWEw,https://www.youtube.com/channel/UC2ZEhgrCY8gye6BhXdcQWEw,💜LEDOKAIN🤍,25700
UA,UClKx5hiXpq_Og6Z02Ux5Skw,https://www.youtube.com/channel/UClKx5hiXpq_Og6Z02Ux5Skw,Andrey Wizard life,27300
UA,UC8aWZ68LzJFGiM072yMnZFw,https://www.youtube.com/channel/UC8aWZ68LzJFGiM072yMnZFw,Dizzy Movies,29100
UA,UCgtgV1diZJltaaOnyqyjc0g,https://www.youtube.com/channel/UCgtgV1diZJltaaOnyqyjc0g,DRЫNDA ИГРАЕТ,32400
UA,UCrOOcpXdnpuMZMIj_NpyZzg,https://www.youtube.com/channel/UCrOOcpXdnpuMZMIj_NpyZzg,Алёна Курбанова,33500
UA,UC45Beua_85a7VXmPXDSBdUg,https://www.youtube.com/channel/UC45Beua_85a7VXmPXDSBdUg,Третя світова,12000
UA,UCZDBEwd9lKinDkHbDgHJ4BQ,https://www.youtube.com/channel/UCZDBEwd9lKinDkHbDgHJ4BQ,Inna Danilova,18000
UA,UCqzlsu3ZKptvRnb50Ms__TA,https://www.youtube.com/channel/UCqzlsu3ZKptvRnb50Ms__TA,GenSouls,18200
UA,UC2dDH2zw5hYFEf3hK2hBCxQ,https://www.youtube.com/channel/UC2dDH2zw5hYFEf3hK2hBCxQ,Ivan Pendlyshak,19000
UA,UCA2B3Ol6iNbulzMao_ms8lw,https://www.youtube.com/channel/UCA2B3Ol6iNbulzMao_ms8lw,Choppy Show,21300
UA,UCfo5i3PrkpQ_QTadDEzoHSQ,https://www.youtube.com/channel/UCfo5i3PrkpQ_QTadDEzoHSQ,Two Are,13899
UA,UCvgCl_8fEnoPN9yqUpOxulg,https://www.youtube.com/channel/UCvgCl_8fEnoPN9yqUpOxulg,Сімейний день,10400
UA,UCDdB8wywOkEHKmq4eo4E9Nw,https://www.youtube.com/channel/UCDdB8wywOkEHKmq4eo4E9Nw,Библейская Жизнь,11100
UA,UCQifyEB4MvA1imrPlBmttvw,https://www.youtube.com/channel/UCQifyEB4MvA1imrPlBmttvw,TimeCapsuleFaces,11500
UA,UCw08wbOMAlAUOo0dXRcPpKw,https://www.youtube.com/channel/UCw08wbOMAlAUOo0dXRcPpKw,Ukrainian Live Classic,12100
UA,UCujbWgF4Bd6If883u3jrPog,https://www.youtube.com/channel/UCujbWgF4Bd6If883u3jrPog,Nicholas,12600
UA,UCpmDtDmMIibRPcx2HzS1nsQ,https://www.youtube.com/channel/UCpmDtDmMIibRPcx2HzS1nsQ,Любимый ,13300
UA,UC47kPmhfSDlkeB-2d4e8H7Q,https://www.youtube.com/channel/UC47kPmhfSDlkeB-2d4e8H7Q,Артем Ретин  🎥 ,14800
UA,UC7RMatGSHsQAFwoa4S8W-5g,https://www.youtube.com/channel/UC7RMatGSHsQAFwoa4S8W-5g,Юрист.Адвокат.Юридическая консультация Кривой Рог,15300
UA,UCjsWmPfzO0j4nmqJkwL0UZA,https://www.youtube.com/channel/UCjsWmPfzO0j4nmqJkwL0UZA,GORILLA,17000
UA,UCfsIiEZ1qv7OLpoysACezLQ,https://www.youtube.com/channel/UCfsIiEZ1qv7OLpoysACezLQ,PassingReality,19300
UA,UCbGfNA2_iV6jhUV4a86hlDg,https://www.youtube.com/channel/UCbGfNA2_iV6jhUV4a86hlDg,ALIX,19500
UA,UCNqChLDU6JUzcNcQjnQdqUQ,https://www.youtube.com/channel/UCNqChLDU6JUzcNcQjnQdqUQ,MINI MELON ,10400
UA,UC7h3BqAIFIyllCSTQ5WkgXw,https://www.youtube.com/channel/UC7h3BqAIFIyllCSTQ5WkgXw,Ukrainian remixes 🇺🇦,10600
UA,UCRgygCgqoeXqgnbFBFMs1WA,https://www.youtube.com/channel/UCRgygCgqoeXqgnbFBFMs1WA,ProLuxeStudio,11200
UA,UCR4KUKM4SoPyl2xsLdenrEg,https://www.youtube.com/channel/UCR4KUKM4SoPyl2xsLdenrEg,SeloStyle,12100
UA,UCF7Sf8WmllIzlOwjScbzg9A,https://www.youtube.com/channel/UCF7Sf8WmllIzlOwjScbzg9A,Ілона Довгань,12500
UA,UCLyjMYTNxnOoOeGh7bKv9ow,https://www.youtube.com/channel/UCLyjMYTNxnOoOeGh7bKv9ow,Тарас Загородній,13100
UA,UC5y5V5b1wzEhBDtYUIE_Wcw,https://www.youtube.com/channel/UC5y5V5b1wzEhBDtYUIE_Wcw,Вова Бровкин,13200
UA,UCpwPi7e3JvbbWFwhsnIS5Kw,https://www.youtube.com/channel/UCpwPi7e3JvbbWFwhsnIS5Kw,ILEBRUK,13200
UA,UCoDzfezU9aBKOxphFKa9XMg,https://www.youtube.com/channel/UCoDzfezU9aBKOxphFKa9XMg,Історія Перед Сном,13300
